participant_id,distance,n_trials,n_valuable,p_valuable
POG001,0,9,9,1.0
POG001,10,10,10,1.0
POG001,20,8,7,0.875
POG001,30,8,7,0.875
POG001,40,9,3,0.3333333333333333
POG001,50,9,2,0.2222222222222222
POG001,60,10,1,0.1
POG001,70,8,0,0.0
POG001,80,9,0,0.0
POG001,90,10,1,0.1
POG002,0,10,9,0.9
POG002,10,9,9,1.0
POG002,20,8,6,0.75
POG002,30,10,6,0.6
POG002,40,9,9,1.0
POG002,50,9,7,0.7777777777777778
POG002,60,8,0,0.0
POG002,70,8,0,0.0
POG002,80,10,1,0.1
POG002,90,9,0,0.0
POG003,0,10,10,1.0
POG003,10,9,9,1.0
POG003,20,8,8,1.0
POG003,30,10,10,1.0
POG003,40,9,7,0.7777777777777778
POG003,50,9,2,0.2222222222222222
POG003,60,8,0,0.0
POG003,70,8,0,0.0
POG003,80,10,0,0.0
POG003,90,9,0,0.0
POG004,0,10,10,1.0
POG004,10,9,9,1.0
POG004,20,8,8,1.0
POG004,30,10,10,1.0
POG004,40,9,2,0.2222222222222222
POG004,50,9,1,0.1111111111111111
POG004,60,8,0,0.0
POG004,70,8,0,0.0
POG004,80,10,0,0.0
POG004,90,9,0,0.0
POG005,0,9,9,1.0
POG005,10,10,10,1.0
POG005,20,8,8,1.0
POG005,30,8,8,1.0
POG005,40,9,9,1.0
POG005,50,9,4,0.4444444444444444
POG005,60,10,0,0.0
POG005,70,8,0,0.0
POG005,80,9,0,0.0
POG005,90,10,0,0.0
POG006,0,10,9,0.9
POG006,10,9,9,1.0
POG006,20,8,7,0.875
POG006,30,10,10,1.0
POG006,40,9,8,0.8888888888888888
POG006,50,9,7,0.7777777777777778
POG006,60,8,5,0.625
POG006,70,8,2,0.25
POG006,80,10,0,0.0
POG006,90,9,0,0.0
POG007,0,10,10,1.0
POG007,10,9,9,1.0
POG007,20,8,8,1.0
POG007,30,10,10,1.0
POG007,40,9,7,0.7777777777777778
POG007,50,9,3,0.3333333333333333
POG007,60,8,0,0.0
POG007,70,8,0,0.0
POG007,80,10,0,0.0
POG007,90,9,0,0.0
POG008,0,9,6,0.6666666666666666
POG008,10,10,7,0.7
POG008,20,8,6,0.75
POG008,30,8,5,0.625
POG008,40,9,3,0.3333333333333333
POG008,50,9,0,0.0
POG008,60,10,0,0.0
POG008,70,8,1,0.125
POG008,80,9,0,0.0
POG008,90,10,0,0.0
POG009,0,9,9,1.0
POG009,10,10,10,1.0
POG009,20,8,8,1.0
POG009,30,8,8,1.0
POG009,40,9,7,0.7777777777777778
POG009,50,9,5,0.5555555555555556
POG009,60,10,3,0.3
POG009,70,8,0,0.0
POG009,80,9,0,0.0
POG009,90,10,0,0.0
POG010,0,9,9,1.0
POG010,10,10,9,0.9
POG010,20,8,8,1.0
POG010,30,8,6,0.75
POG010,40,9,6,0.6666666666666666
POG010,50,9,4,0.4444444444444444
POG010,60,10,3,0.3
POG010,70,8,0,0.0
POG010,80,9,0,0.0
POG010,90,10,0,0.0
POG011,0,10,10,1.0
POG011,10,9,9,1.0
POG011,20,8,7,0.875
POG011,30,10,10,1.0
POG011,40,9,8,0.8888888888888888
POG011,50,9,8,0.8888888888888888
POG011,60,8,4,0.5
POG011,70,8,0,0.0
POG011,80,10,0,0.0
POG011,90,9,0,0.0
POG012,0,10,10,1.0
POG012,10,9,9,1.0
POG012,20,8,7,0.875
POG012,30,10,8,0.8
POG012,40,9,6,0.6666666666666666
POG012,50,9,3,0.3333333333333333
POG012,60,8,1,0.125
POG012,70,8,1,0.125
POG012,80,10,0,0.0
POG012,90,9,0,0.0
POG013,0,10,10,1.0
POG013,10,9,9,1.0
POG013,20,8,8,1.0
POG013,30,10,10,1.0
POG013,40,9,9,1.0
POG013,50,9,4,0.4444444444444444
POG013,60,8,0,0.0
POG013,70,8,0,0.0
POG013,80,10,0,0.0
POG013,90,9,0,0.0
POG014,0,9,9,1.0
POG014,10,10,10,1.0
POG014,20,8,8,1.0
POG014,30,8,7,0.875
POG014,40,9,5,0.5555555555555556
POG014,50,9,4,0.4444444444444444
POG014,60,10,5,0.5
POG014,70,8,0,0.0
POG014,80,9,0,0.0
POG014,90,10,0,0.0
POG015,0,9,9,1.0
POG015,10,10,10,1.0
POG015,20,8,8,1.0
POG015,30,8,8,1.0
POG015,40,9,4,0.4444444444444444
POG015,50,9,1,0.1111111111111111
POG015,60,10,0,0.0
POG015,70,8,0,0.0
POG015,80,9,0,0.0
POG015,90,10,0,0.0
POG016,0,10,9,0.9
POG016,10,9,9,1.0
POG016,20,8,7,0.875
POG016,30,10,10,1.0
POG016,40,9,9,1.0
POG016,50,9,1,0.1111111111111111
POG016,60,8,0,0.0
POG016,70,8,1,0.125
POG016,80,10,1,0.1
POG016,90,9,0,0.0
POG017,0,9,9,1.0
POG017,10,10,10,1.0
POG017,20,8,8,1.0
POG017,30,8,8,1.0
POG017,40,9,9,1.0
POG017,50,9,9,1.0
POG017,60,10,0,0.0
POG017,70,8,0,0.0
POG017,80,9,0,0.0
POG017,90,10,0,0.0
POG018,0,10,10,1.0
POG018,10,9,9,1.0
POG018,20,8,8,1.0
POG018,30,10,7,0.7
POG018,40,9,6,0.6666666666666666
POG018,50,9,4,0.4444444444444444
POG018,60,8,0,0.0
POG018,70,8,0,0.0
POG018,80,10,0,0.0
POG018,90,9,0,0.0
POG019,0,9,9,1.0
POG019,10,10,10,1.0
POG019,20,8,8,1.0
POG019,30,8,8,1.0
POG019,40,9,5,0.5555555555555556
POG019,50,9,3,0.3333333333333333
POG019,60,10,0,0.0
POG019,70,8,0,0.0
POG019,80,9,0,0.0
POG019,90,10,0,0.0
POG020,0,9,9,1.0
POG020,10,10,10,1.0
POG020,20,8,8,1.0
POG020,30,8,6,0.75
POG020,40,9,8,0.8888888888888888
POG020,50,9,4,0.4444444444444444
POG020,60,10,2,0.2
POG020,70,8,0,0.0
POG020,80,9,0,0.0
POG020,90,10,0,0.0
POG021,0,10,10,1.0
POG021,10,9,9,1.0
POG021,20,8,8,1.0
POG021,30,10,10,1.0
POG021,40,9,7,0.7777777777777778
POG021,50,9,6,0.6666666666666666
POG021,60,8,2,0.25
POG021,70,8,1,0.125
POG021,80,10,0,0.0
POG021,90,9,1,0.1111111111111111
POG022,0,10,10,1.0
POG022,10,9,9,1.0
POG022,20,8,8,1.0
POG022,30,10,10,1.0
POG022,40,9,5,0.5555555555555556
POG022,50,9,1,0.1111111111111111
POG022,60,8,0,0.0
POG022,70,8,0,0.0
POG022,80,10,0,0.0
POG022,90,9,0,0.0
POG023,0,9,9,1.0
POG023,10,10,10,1.0
POG023,20,8,8,1.0
POG023,30,8,8,1.0
POG023,40,9,9,1.0
POG023,50,9,2,0.2222222222222222
POG023,60,10,1,0.1
POG023,70,8,0,0.0
POG023,80,9,0,0.0
POG023,90,10,0,0.0
POG024,0,9,9,1.0
POG024,10,10,10,1.0
POG024,20,8,8,1.0
POG024,30,8,8,1.0
POG024,40,9,9,1.0
POG024,50,9,7,0.7777777777777778
POG024,60,10,2,0.2
POG024,70,8,1,0.125
POG024,80,9,0,0.0
POG024,90,10,0,0.0
POG025,0,9,9,1.0
POG025,10,10,10,1.0
POG025,20,8,8,1.0
POG025,30,8,8,1.0
POG025,40,9,9,1.0
POG025,50,9,7,0.7777777777777778
POG025,60,10,2,0.2
POG025,70,8,0,0.0
POG025,80,9,0,0.0
POG025,90,10,0,0.0
POG026,0,10,10,1.0
POG026,10,9,9,1.0
POG026,20,8,8,1.0
POG026,30,10,10,1.0
POG026,40,9,9,1.0
POG026,50,9,9,1.0
POG026,60,8,3,0.375
POG026,70,8,1,0.125
POG026,80,10,0,0.0
POG026,90,9,0,0.0
POG027,0,9,9,1.0
POG027,10,10,9,0.9
POG027,20,8,8,1.0
POG027,30,8,6,0.75
POG027,40,9,7,0.7777777777777778
POG027,50,9,4,0.4444444444444444
POG027,60,10,2,0.2
POG027,70,8,0,0.0
POG027,80,9,0,0.0
POG027,90,10,1,0.1
POG028,0,9,9,1.0
POG028,10,10,10,1.0
POG028,20,8,8,1.0
POG028,30,8,6,0.75
POG028,40,9,4,0.4444444444444444
POG028,50,9,3,0.3333333333333333
POG028,60,10,0,0.0
POG028,70,8,0,0.0
POG028,80,9,0,0.0
POG028,90,10,0,0.0
POG029,0,9,9,1.0
POG029,10,10,9,0.9
POG029,20,8,8,1.0
POG029,30,8,8,1.0
POG029,40,9,8,0.8888888888888888
POG029,50,9,3,0.3333333333333333
POG029,60,10,2,0.2
POG029,70,8,3,0.375
POG029,80,9,3,0.3333333333333333
POG029,90,10,2,0.2
POG030,0,9,9,1.0
POG030,10,10,10,1.0
POG030,20,8,8,1.0
POG030,30,8,8,1.0
POG030,40,9,8,0.8888888888888888
POG030,50,9,3,0.3333333333333333
POG030,60,10,3,0.3
POG030,70,8,2,0.25
POG030,80,9,0,0.0
POG030,90,10,2,0.2
POG031,0,10,10,1.0
POG031,10,9,9,1.0
POG031,20,8,8,1.0
POG031,30,10,10,1.0
POG031,40,9,6,0.6666666666666666
POG031,50,9,2,0.2222222222222222
POG031,60,8,0,0.0
POG031,70,8,0,0.0
POG031,80,10,0,0.0
POG031,90,9,0,0.0
POG032,0,10,9,0.9
POG032,10,9,9,1.0
POG032,20,8,8,1.0
POG032,30,10,10,1.0
POG032,40,9,6,0.6666666666666666
POG032,50,9,3,0.3333333333333333
POG032,60,8,0,0.0
POG032,70,8,0,0.0
POG032,80,10,0,0.0
POG032,90,9,0,0.0
POG033,0,9,9,1.0
POG033,10,10,10,1.0
POG033,20,8,8,1.0
POG033,30,8,6,0.75
POG033,40,9,5,0.5555555555555556
POG033,50,9,2,0.2222222222222222
POG033,60,10,2,0.2
POG033,70,8,0,0.0
POG033,80,9,1,0.1111111111111111
POG033,90,10,3,0.3
POG034,0,10,10,1.0
POG034,10,9,9,1.0
POG034,20,8,8,1.0
POG034,30,10,9,0.9
POG034,40,9,7,0.7777777777777778
POG034,50,9,3,0.3333333333333333
POG034,60,8,0,0.0
POG034,70,8,1,0.125
POG034,80,10,0,0.0
POG034,90,9,0,0.0
POG035,0,9,9,1.0
POG035,10,10,10,1.0
POG035,20,8,8,1.0
POG035,30,8,8,1.0
POG035,40,9,9,1.0
POG035,50,9,1,0.1111111111111111
POG035,60,10,1,0.1
POG035,70,8,0,0.0
POG035,80,9,0,0.0
POG035,90,10,0,0.0
POG036,0,10,6,0.6
POG036,10,9,9,1.0
POG036,20,8,7,0.875
POG036,30,10,6,0.6
POG036,40,9,7,0.7777777777777778
POG036,50,9,6,0.6666666666666666
POG036,60,8,4,0.5
POG036,70,8,3,0.375
POG036,80,10,2,0.2
POG036,90,9,4,0.4444444444444444
POG037,0,9,9,1.0
POG037,10,10,10,1.0
POG037,20,8,8,1.0
POG037,30,8,8,1.0
POG037,40,9,8,0.8888888888888888
POG037,50,9,1,0.1111111111111111
POG037,60,10,0,0.0
POG037,70,8,0,0.0
POG037,80,9,0,0.0
POG037,90,10,0,0.0
POG038,0,9,9,1.0
POG038,10,10,10,1.0
POG038,20,8,8,1.0
POG038,30,8,8,1.0
POG038,40,9,6,0.6666666666666666
POG038,50,9,3,0.3333333333333333
POG038,60,10,0,0.0
POG038,70,8,0,0.0
POG038,80,9,0,0.0
POG038,90,10,0,0.0
POG039,0,9,9,1.0
POG039,10,10,10,1.0
POG039,20,8,8,1.0
POG039,30,8,8,1.0
POG039,40,9,9,1.0
POG039,50,9,9,1.0
POG039,60,10,6,0.6
POG039,70,8,1,0.125
POG039,80,9,1,0.1111111111111111
POG039,90,10,0,0.0
POG040,0,9,9,1.0
POG040,10,10,10,1.0
POG040,20,8,8,1.0
POG040,30,8,8,1.0
POG040,40,9,5,0.5555555555555556
POG040,50,9,2,0.2222222222222222
POG040,60,10,1,0.1
POG040,70,8,0,0.0
POG040,80,9,0,0.0
POG040,90,10,0,0.0
POG041,0,9,8,0.8888888888888888
POG041,10,10,10,1.0
POG041,20,8,8,1.0
POG041,30,8,8,1.0
POG041,40,9,9,1.0
POG041,50,9,3,0.3333333333333333
POG041,60,10,2,0.2
POG041,70,8,1,0.125
POG041,80,9,0,0.0
POG041,90,10,2,0.2
POG042,0,10,10,1.0
POG042,10,9,9,1.0
POG042,20,8,7,0.875
POG042,30,10,8,0.8
POG042,40,9,5,0.5555555555555556
POG042,50,9,5,0.5555555555555556
POG042,60,8,0,0.0
POG042,70,8,0,0.0
POG042,80,10,0,0.0
POG042,90,9,0,0.0
POG043,0,10,9,0.9
POG043,10,9,9,1.0
POG043,20,8,8,1.0
POG043,30,10,10,1.0
POG043,40,9,5,0.5555555555555556
POG043,50,9,0,0.0
POG043,60,8,0,0.0
POG043,70,8,0,0.0
POG043,80,10,0,0.0
POG043,90,9,0,0.0
POG044,0,10,10,1.0
POG044,10,9,8,0.8888888888888888
POG044,20,8,8,1.0
POG044,30,10,10,1.0
POG044,40,9,9,1.0
POG044,50,9,9,1.0
POG044,60,8,5,0.625
POG044,70,8,1,0.125
POG044,80,10,2,0.2
POG044,90,9,1,0.1111111111111111
POG045,0,10,10,1.0
POG045,10,9,9,1.0
POG045,20,8,8,1.0
POG045,30,10,5,0.5
POG045,40,9,0,0.0
POG045,50,9,0,0.0
POG045,60,8,0,0.0
POG045,70,8,0,0.0
POG045,80,10,0,0.0
POG045,90,9,0,0.0
POG046,0,10,10,1.0
POG046,10,9,9,1.0
POG046,20,8,8,1.0
POG046,30,10,10,1.0
POG046,40,9,9,1.0
POG046,50,9,9,1.0
POG046,60,8,7,0.875
POG046,70,8,2,0.25
POG046,80,10,1,0.1
POG046,90,9,0,0.0
POG047,0,9,9,1.0
POG047,10,10,10,1.0
POG047,20,8,8,1.0
POG047,30,8,8,1.0
POG047,40,9,7,0.7777777777777778
POG047,50,9,6,0.6666666666666666
POG047,60,10,3,0.3
POG047,70,8,0,0.0
POG047,80,9,0,0.0
POG047,90,10,0,0.0
POG048,0,9,9,1.0
POG048,10,10,10,1.0
POG048,20,8,8,1.0
POG048,30,8,8,1.0
POG048,40,9,6,0.6666666666666666
POG048,50,9,9,1.0
POG048,60,10,4,0.4
POG048,70,8,0,0.0
POG048,80,9,0,0.0
POG048,90,10,0,0.0
POG049,0,10,10,1.0
POG049,10,9,9,1.0
POG049,20,8,8,1.0
POG049,30,10,9,0.9
POG049,40,9,9,1.0
POG049,50,9,9,1.0
POG049,60,8,3,0.375
POG049,70,8,1,0.125
POG049,80,10,1,0.1
POG049,90,9,0,0.0
POG050,0,9,9,1.0
POG050,10,10,10,1.0
POG050,20,8,8,1.0
POG050,30,8,7,0.875
POG050,40,9,8,0.8888888888888888
POG050,50,9,2,0.2222222222222222
POG050,60,10,1,0.1
POG050,70,8,0,0.0
POG050,80,9,1,0.1111111111111111
POG050,90,10,0,0.0
POG051,0,9,9,1.0
POG051,10,10,10,1.0
POG051,20,8,7,0.875
POG051,30,8,7,0.875
POG051,40,9,4,0.4444444444444444
POG051,50,9,3,0.3333333333333333
POG051,60,10,0,0.0
POG051,70,8,0,0.0
POG051,80,9,0,0.0
POG051,90,10,0,0.0
POG052,0,10,8,0.8
POG052,10,9,9,1.0
POG052,20,8,8,1.0
POG052,30,10,9,0.9
POG052,40,9,7,0.7777777777777778
POG052,50,9,6,0.6666666666666666
POG052,60,8,5,0.625
POG052,70,8,1,0.125
POG052,80,10,0,0.0
POG052,90,9,0,0.0
POG053,0,10,10,1.0
POG053,10,9,9,1.0
POG053,20,8,8,1.0
POG053,30,10,10,1.0
POG053,40,9,8,0.8888888888888888
POG053,50,9,4,0.4444444444444444
POG053,60,8,4,0.5
POG053,70,8,0,0.0
POG053,80,10,0,0.0
POG053,90,9,0,0.0
POG054,0,10,10,1.0
POG054,10,9,9,1.0
POG054,20,8,5,0.625
POG054,30,10,7,0.7
POG054,40,9,4,0.4444444444444444
POG054,50,9,6,0.6666666666666666
POG054,60,8,3,0.375
POG054,70,8,2,0.25
POG054,80,10,0,0.0
POG054,90,9,1,0.1111111111111111
POG055,0,9,8,0.8888888888888888
POG055,10,10,10,1.0
POG055,20,8,8,1.0
POG055,30,8,7,0.875
POG055,40,9,8,0.8888888888888888
POG055,50,9,3,0.3333333333333333
POG055,60,10,3,0.3
POG055,70,8,1,0.125
POG055,80,9,0,0.0
POG055,90,10,0,0.0
POG056,0,10,10,1.0
POG056,10,9,7,0.7777777777777778
POG056,20,8,8,1.0
POG056,30,10,6,0.6
POG056,40,9,6,0.6666666666666666
POG056,50,9,1,0.1111111111111111
POG056,60,8,2,0.25
POG056,70,8,3,0.375
POG056,80,10,2,0.2
POG056,90,9,2,0.2222222222222222
POG057,0,10,10,1.0
POG057,10,9,9,1.0
POG057,20,8,8,1.0
POG057,30,10,10,1.0
POG057,40,9,4,0.4444444444444444
POG057,50,9,1,0.1111111111111111
POG057,60,8,0,0.0
POG057,70,8,0,0.0
POG057,80,10,0,0.0
POG057,90,9,0,0.0
POG058,0,10,10,1.0
POG058,10,9,9,1.0
POG058,20,8,8,1.0
POG058,30,10,10,1.0
POG058,40,9,7,0.7777777777777778
POG058,50,9,5,0.5555555555555556
POG058,60,8,0,0.0
POG058,70,8,0,0.0
POG058,80,10,0,0.0
POG058,90,9,0,0.0
POG059,0,9,9,1.0
POG059,10,10,10,1.0
POG059,20,8,8,1.0
POG059,30,8,8,1.0
POG059,40,9,9,1.0
POG059,50,9,9,1.0
POG059,60,10,8,0.8
POG059,70,8,2,0.25
POG059,80,9,1,0.1111111111111111
POG059,90,10,0,0.0
POG060,0,10,10,1.0
POG060,10,9,9,1.0
POG060,20,8,8,1.0
POG060,30,10,10,1.0
POG060,40,9,9,1.0
POG060,50,9,9,1.0
POG060,60,8,3,0.375
POG060,70,8,2,0.25
POG060,80,10,0,0.0
POG060,90,9,1,0.1111111111111111
POG061,0,10,10,1.0
POG061,10,9,9,1.0
POG061,20,8,8,1.0
POG061,30,10,10,1.0
POG061,40,9,9,1.0
POG061,50,9,2,0.2222222222222222
POG061,60,8,0,0.0
POG061,70,8,1,0.125
POG061,80,10,0,0.0
POG061,90,9,0,0.0
POG062,0,10,10,1.0
POG062,10,9,9,1.0
POG062,20,8,8,1.0
POG062,30,10,7,0.7
POG062,40,9,5,0.5555555555555556
POG062,50,9,0,0.0
POG062,60,8,0,0.0
POG062,70,8,0,0.0
POG062,80,10,0,0.0
POG062,90,9,0,0.0
POG063,0,10,10,1.0
POG063,10,9,9,1.0
POG063,20,8,8,1.0
POG063,30,10,0,0.0
POG063,40,9,0,0.0
POG063,50,9,0,0.0
POG063,60,8,0,0.0
POG063,70,8,0,0.0
POG063,80,10,0,0.0
POG063,90,9,0,0.0
POG064,0,10,8,0.8
POG064,10,9,6,0.6666666666666666
POG064,20,8,5,0.625
POG064,30,10,6,0.6
POG064,40,9,3,0.3333333333333333
POG064,50,9,5,0.5555555555555556
POG064,60,8,3,0.375
POG064,70,8,3,0.375
POG064,80,10,0,0.0
POG064,90,9,3,0.3333333333333333
POG065,0,10,10,1.0
POG065,10,9,9,1.0
POG065,20,8,6,0.75
POG065,30,10,9,0.9
POG065,40,9,8,0.8888888888888888
POG065,50,9,8,0.8888888888888888
POG065,60,8,7,0.875
POG065,70,8,7,0.875
POG065,80,10,4,0.4
POG065,90,9,0,0.0
POG066,0,10,10,1.0
POG066,10,9,8,0.8888888888888888
POG066,20,8,8,1.0
POG066,30,10,6,0.6
POG066,40,9,6,0.6666666666666666
POG066,50,9,7,0.7777777777777778
POG066,60,8,2,0.25
POG066,70,8,0,0.0
POG066,80,10,0,0.0
POG066,90,9,0,0.0
POG067,0,10,10,1.0
POG067,10,9,9,1.0
POG067,20,8,8,1.0
POG067,30,10,9,0.9
POG067,40,9,7,0.7777777777777778
POG067,50,9,3,0.3333333333333333
POG067,60,8,0,0.0
POG067,70,8,0,0.0
POG067,80,10,0,0.0
POG067,90,9,0,0.0
POG068,0,10,10,1.0
POG068,10,9,9,1.0
POG068,20,8,8,1.0
POG068,30,10,10,1.0
POG068,40,9,5,0.5555555555555556
POG068,50,9,4,0.4444444444444444
POG068,60,8,0,0.0
POG068,70,8,0,0.0
POG068,80,10,0,0.0
POG068,90,9,1,0.1111111111111111
POG069,0,9,8,0.8888888888888888
POG069,10,10,10,1.0
POG069,20,8,8,1.0
POG069,30,8,8,1.0
POG069,40,9,3,0.3333333333333333
POG069,50,9,7,0.7777777777777778
POG069,60,10,1,0.1
POG069,70,8,2,0.25
POG069,80,9,2,0.2222222222222222
POG069,90,10,2,0.2
POG070,0,9,8,0.8888888888888888
POG070,10,10,10,1.0
POG070,20,8,7,0.875
POG070,30,8,7,0.875
POG070,40,9,9,1.0
POG070,50,9,7,0.7777777777777778
POG070,60,10,5,0.5
POG070,70,8,1,0.125
POG070,80,9,5,0.5555555555555556
POG070,90,10,2,0.2
POG071,0,9,9,1.0
POG071,10,10,10,1.0
POG071,20,8,8,1.0
POG071,30,8,8,1.0
POG071,40,9,9,1.0
POG071,50,9,4,0.4444444444444444
POG071,60,10,6,0.6
POG071,70,8,1,0.125
POG071,80,9,2,0.2222222222222222
POG071,90,10,0,0.0
POG072,0,10,8,0.8
POG072,10,9,7,0.7777777777777778
POG072,20,8,3,0.375
POG072,30,10,3,0.3
POG072,40,9,1,0.1111111111111111
POG072,50,9,0,0.0
POG072,60,8,0,0.0
POG072,70,8,0,0.0
POG072,80,10,0,0.0
POG072,90,9,0,0.0
POG073,0,10,10,1.0
POG073,10,9,8,0.8888888888888888
POG073,20,8,7,0.875
POG073,30,10,9,0.9
POG073,40,9,8,0.8888888888888888
POG073,50,9,2,0.2222222222222222
POG073,60,8,0,0.0
POG073,70,8,2,0.25
POG073,80,10,0,0.0
POG073,90,9,0,0.0
POG074,0,9,7,0.7777777777777778
POG074,10,10,9,0.9
POG074,20,8,8,1.0
POG074,30,8,8,1.0
POG074,40,9,8,0.8888888888888888
POG074,50,9,5,0.5555555555555556
POG074,60,10,7,0.7
POG074,70,8,0,0.0
POG074,80,9,0,0.0
POG074,90,10,0,0.0
POG075,0,10,10,1.0
POG075,10,9,9,1.0
POG075,20,8,8,1.0
POG075,30,10,10,1.0
POG075,40,9,9,1.0
POG075,50,9,8,0.8888888888888888
POG075,60,8,7,0.875
POG075,70,8,3,0.375
POG075,80,10,0,0.0
POG075,90,9,0,0.0
POG076,0,10,10,1.0
POG076,10,9,9,1.0
POG076,20,8,7,0.875
POG076,30,10,10,1.0
POG076,40,9,9,1.0
POG076,50,9,7,0.7777777777777778
POG076,60,8,3,0.375
POG076,70,8,3,0.375
POG076,80,10,0,0.0
POG076,90,9,1,0.1111111111111111
POG077,0,9,9,1.0
POG077,10,10,9,0.9
POG077,20,8,8,1.0
POG077,30,8,5,0.625
POG077,40,9,8,0.8888888888888888
POG077,50,9,4,0.4444444444444444
POG077,60,10,3,0.3
POG077,70,8,2,0.25
POG077,80,9,4,0.4444444444444444
POG077,90,10,0,0.0
POG078,0,9,9,1.0
POG078,10,10,8,0.8
POG078,20,8,8,1.0
POG078,30,8,8,1.0
POG078,40,9,7,0.7777777777777778
POG078,50,9,6,0.6666666666666666
POG078,60,10,6,0.6
POG078,70,8,5,0.625
POG078,80,9,5,0.5555555555555556
POG078,90,10,6,0.6
POG079,0,9,9,1.0
POG079,10,10,10,1.0
POG079,20,8,8,1.0
POG079,30,8,8,1.0
POG079,40,9,5,0.5555555555555556
POG079,50,9,1,0.1111111111111111
POG079,60,10,0,0.0
POG079,70,8,0,0.0
POG079,80,9,0,0.0
POG079,90,10,0,0.0
POG080,0,9,9,1.0
POG080,10,10,10,1.0
POG080,20,8,8,1.0
POG080,30,8,8,1.0
POG080,40,9,9,1.0
POG080,50,9,9,1.0
POG080,60,10,10,1.0
POG080,70,8,6,0.75
POG080,80,9,1,0.1111111111111111
POG080,90,10,0,0.0
POG081,0,9,9,1.0
POG081,10,10,10,1.0
POG081,20,8,8,1.0
POG081,30,8,6,0.75
POG081,40,9,3,0.3333333333333333
POG081,50,9,3,0.3333333333333333
POG081,60,10,3,0.3
POG081,70,8,2,0.25
POG081,80,9,0,0.0
POG081,90,10,1,0.1
POG082,0,9,8,0.8888888888888888
POG082,10,10,10,1.0
POG082,20,8,5,0.625
POG082,30,8,6,0.75
POG082,40,9,5,0.5555555555555556
POG082,50,9,6,0.6666666666666666
POG082,60,10,3,0.3
POG082,70,8,1,0.125
POG082,80,9,0,0.0
POG082,90,10,1,0.1
POG083,0,9,9,1.0
POG083,10,10,10,1.0
POG083,20,8,7,0.875
POG083,30,8,7,0.875
POG083,40,9,3,0.3333333333333333
POG083,50,9,1,0.1111111111111111
POG083,60,10,3,0.3
POG083,70,8,2,0.25
POG083,80,9,0,0.0
POG083,90,10,4,0.4
POG084,0,10,8,0.8
POG084,10,9,9,1.0
POG084,20,8,8,1.0
POG084,30,10,10,1.0
POG084,40,9,9,1.0
POG084,50,9,5,0.5555555555555556
POG084,60,8,0,0.0
POG084,70,8,0,0.0
POG084,80,10,1,0.1
POG084,90,9,0,0.0
POG085,0,9,9,1.0
POG085,10,10,10,1.0
POG085,20,8,8,1.0
POG085,30,8,8,1.0
POG085,40,9,7,0.7777777777777778
POG085,50,9,3,0.3333333333333333
POG085,60,10,3,0.3
POG085,70,8,0,0.0
POG085,80,9,0,0.0
POG085,90,10,0,0.0
POG086,0,9,9,1.0
POG086,10,10,10,1.0
POG086,20,8,8,1.0
POG086,30,8,8,1.0
POG086,40,9,4,0.4444444444444444
POG086,50,9,5,0.5555555555555556
POG086,60,10,3,0.3
POG086,70,8,2,0.25
POG086,80,9,0,0.0
POG086,90,10,0,0.0
POG087,0,10,10,1.0
POG087,10,9,9,1.0
POG087,20,8,7,0.875
POG087,30,10,9,0.9
POG087,40,9,7,0.7777777777777778
POG087,50,9,5,0.5555555555555556
POG087,60,8,1,0.125
POG087,70,8,2,0.25
POG087,80,10,2,0.2
POG087,90,9,1,0.1111111111111111
POG088,0,9,9,1.0
POG088,10,10,10,1.0
POG088,20,8,8,1.0
POG088,30,8,8,1.0
POG088,40,9,8,0.8888888888888888
POG088,50,9,3,0.3333333333333333
POG088,60,10,0,0.0
POG088,70,8,0,0.0
POG088,80,9,0,0.0
POG088,90,10,0,0.0
POG089,0,9,9,1.0
POG089,10,10,10,1.0
POG089,20,8,8,1.0
POG089,30,8,8,1.0
POG089,40,9,8,0.8888888888888888
POG089,50,9,9,1.0
POG089,60,10,6,0.6
POG089,70,8,3,0.375
POG089,80,9,0,0.0
POG089,90,10,0,0.0
POG090,0,10,7,0.7
POG090,10,9,6,0.6666666666666666
POG090,20,8,8,1.0
POG090,30,10,9,0.9
POG090,40,9,6,0.6666666666666666
POG090,50,9,5,0.5555555555555556
POG090,60,8,4,0.5
POG090,70,8,5,0.625
POG090,80,10,1,0.1
POG090,90,9,4,0.4444444444444444
POG091,0,9,9,1.0
POG091,10,10,9,0.9
POG091,20,8,8,1.0
POG091,30,8,6,0.75
POG091,40,9,8,0.8888888888888888
POG091,50,9,5,0.5555555555555556
POG091,60,10,3,0.3
POG091,70,8,0,0.0
POG091,80,9,0,0.0
POG091,90,10,0,0.0
POG092,0,9,9,1.0
POG092,10,10,10,1.0
POG092,20,8,8,1.0
POG092,30,8,8,1.0
POG092,40,9,7,0.7777777777777778
POG092,50,9,4,0.4444444444444444
POG092,60,10,2,0.2
POG092,70,8,1,0.125
POG092,80,9,2,0.2222222222222222
POG092,90,10,2,0.2
POG093,0,10,10,1.0
POG093,10,9,5,0.5555555555555556
POG093,20,8,5,0.625
POG093,30,10,0,0.0
POG093,40,9,0,0.0
POG093,50,9,0,0.0
POG093,60,8,0,0.0
POG093,70,8,0,0.0
POG093,80,10,0,0.0
POG093,90,9,0,0.0
POG094,0,9,9,1.0
POG094,10,10,10,1.0
POG094,20,8,7,0.875
POG094,30,8,8,1.0
POG094,40,9,6,0.6666666666666666
POG094,50,9,8,0.8888888888888888
POG094,60,10,8,0.8
POG094,70,8,2,0.25
POG094,80,9,0,0.0
POG094,90,10,0,0.0
POG095,0,9,9,1.0
POG095,10,10,10,1.0
POG095,20,8,8,1.0
POG095,30,8,8,1.0
POG095,40,9,6,0.6666666666666666
POG095,50,9,3,0.3333333333333333
POG095,60,10,2,0.2
POG095,70,8,0,0.0
POG095,80,9,0,0.0
POG095,90,10,0,0.0
POG096,0,10,10,1.0
POG096,10,9,9,1.0
POG096,20,8,8,1.0
POG096,30,10,10,1.0
POG096,40,9,6,0.6666666666666666
POG096,50,9,2,0.2222222222222222
POG096,60,8,1,0.125
POG096,70,8,0,0.0
POG096,80,10,0,0.0
POG096,90,9,0,0.0
POG097,0,10,10,1.0
POG097,10,9,9,1.0
POG097,20,8,8,1.0
POG097,30,10,10,1.0
POG097,40,9,8,0.8888888888888888
POG097,50,9,6,0.6666666666666666
POG097,60,8,2,0.25
POG097,70,8,0,0.0
POG097,80,10,0,0.0
POG097,90,9,0,0.0
POG098,0,9,9,1.0
POG098,10,10,10,1.0
POG098,20,8,7,0.875
POG098,30,8,7,0.875
POG098,40,9,5,0.5555555555555556
POG098,50,9,4,0.4444444444444444
POG098,60,10,0,0.0
POG098,70,8,0,0.0
POG098,80,9,0,0.0
POG098,90,10,0,0.0
POG099,0,10,10,1.0
POG099,10,9,9,1.0
POG099,20,8,8,1.0
POG099,30,10,10,1.0
POG099,40,9,7,0.7777777777777778
POG099,50,9,1,0.1111111111111111
POG099,60,8,1,0.125
POG099,70,8,0,0.0
POG099,80,10,0,0.0
POG099,90,9,0,0.0
POG100,0,9,9,1.0
POG100,10,10,10,1.0
POG100,20,8,7,0.875
POG100,30,8,8,1.0
POG100,40,9,9,1.0
POG100,50,9,3,0.3333333333333333
POG100,60,10,5,0.5
POG100,70,8,2,0.25
POG100,80,9,2,0.2222222222222222
POG100,90,10,2,0.2
POG101,0,10,8,0.8
POG101,10,9,8,0.8888888888888888
POG101,20,8,6,0.75
POG101,30,10,8,0.8
POG101,40,9,7,0.7777777777777778
POG101,50,9,5,0.5555555555555556
POG101,60,8,3,0.375
POG101,70,8,4,0.5
POG101,80,10,2,0.2
POG101,90,9,4,0.4444444444444444
POG102,0,9,9,1.0
POG102,10,10,10,1.0
POG102,20,8,8,1.0
POG102,30,8,7,0.875
POG102,40,9,8,0.8888888888888888
POG102,50,9,4,0.4444444444444444
POG102,60,10,2,0.2
POG102,70,8,0,0.0
POG102,80,9,0,0.0
POG102,90,10,1,0.1
POG103,0,10,10,1.0
POG103,10,9,9,1.0
POG103,20,8,6,0.75
POG103,30,10,10,1.0
POG103,40,9,9,1.0
POG103,50,9,9,1.0
POG103,60,8,4,0.5
POG103,70,8,2,0.25
POG103,80,10,0,0.0
POG103,90,9,0,0.0
POG104,0,9,9,1.0
POG104,10,10,10,1.0
POG104,20,8,6,0.75
POG104,30,8,4,0.5
POG104,40,9,6,0.6666666666666666
POG104,50,9,4,0.4444444444444444
POG104,60,10,3,0.3
POG104,70,8,2,0.25
POG104,80,9,0,0.0
POG104,90,10,0,0.0
POG105,0,9,9,1.0
POG105,10,10,10,1.0
POG105,20,8,8,1.0
POG105,30,8,6,0.75
POG105,40,9,7,0.7777777777777778
POG105,50,9,2,0.2222222222222222
POG105,60,10,3,0.3
POG105,70,8,1,0.125
POG105,80,9,1,0.1111111111111111
POG105,90,10,0,0.0
POG106,0,10,10,1.0
POG106,10,9,9,1.0
POG106,20,8,8,1.0
POG106,30,10,10,1.0
POG106,40,9,9,1.0
POG106,50,9,6,0.6666666666666666
POG106,60,8,1,0.125
POG106,70,8,0,0.0
POG106,80,10,1,0.1
POG106,90,9,0,0.0
POG107,0,10,10,1.0
POG107,10,9,9,1.0
POG107,20,8,8,1.0
POG107,30,10,8,0.8
POG107,40,9,6,0.6666666666666666
POG107,50,9,5,0.5555555555555556
POG107,60,8,0,0.0
POG107,70,8,0,0.0
POG107,80,10,0,0.0
POG107,90,9,0,0.0
POG108,0,10,8,0.8
POG108,10,9,9,1.0
POG108,20,8,6,0.75
POG108,30,10,9,0.9
POG108,40,9,8,0.8888888888888888
POG108,50,9,5,0.5555555555555556
POG108,60,8,1,0.125
POG108,70,8,1,0.125
POG108,80,10,1,0.1
POG108,90,9,0,0.0
POG109,0,10,10,1.0
POG109,10,9,9,1.0
POG109,20,8,8,1.0
POG109,30,10,10,1.0
POG109,40,9,4,0.4444444444444444
POG109,50,9,0,0.0
POG109,60,8,0,0.0
POG109,70,8,0,0.0
POG109,80,10,0,0.0
POG109,90,9,0,0.0
POG110,0,9,9,1.0
POG110,10,10,10,1.0
POG110,20,8,8,1.0
POG110,30,8,8,1.0
POG110,40,9,7,0.7777777777777778
POG110,50,9,7,0.7777777777777778
POG110,60,10,6,0.6
POG110,70,8,0,0.0
POG110,80,9,1,0.1111111111111111
POG110,90,10,1,0.1
POG111,0,9,9,1.0
POG111,10,10,10,1.0
POG111,20,8,7,0.875
POG111,30,8,6,0.75
POG111,40,9,8,0.8888888888888888
POG111,50,9,4,0.4444444444444444
POG111,60,10,3,0.3
POG111,70,8,2,0.25
POG111,80,9,0,0.0
POG111,90,10,2,0.2
POG112,0,10,10,1.0
POG112,10,9,8,0.8888888888888888
POG112,20,8,8,1.0
POG112,30,10,10,1.0
POG112,40,9,0,0.0
POG112,50,9,1,0.1111111111111111
POG112,60,8,0,0.0
POG112,70,8,0,0.0
POG112,80,10,1,0.1
POG112,90,9,0,0.0
POG113,0,9,9,1.0
POG113,10,10,10,1.0
POG113,20,8,8,1.0
POG113,30,8,8,1.0
POG113,40,9,9,1.0
POG113,50,9,5,0.5555555555555556
POG113,60,10,8,0.8
POG113,70,8,1,0.125
POG113,80,9,2,0.2222222222222222
POG113,90,10,0,0.0
POG114,0,10,10,1.0
POG114,10,9,9,1.0
POG114,20,8,8,1.0
POG114,30,10,10,1.0
POG114,40,9,7,0.7777777777777778
POG114,50,9,1,0.1111111111111111
POG114,60,8,0,0.0
POG114,70,8,0,0.0
POG114,80,10,1,0.1
POG114,90,9,0,0.0
POG115,0,10,10,1.0
POG115,10,9,9,1.0
POG115,20,8,6,0.75
POG115,30,10,10,1.0
POG115,40,9,8,0.8888888888888888
POG115,50,9,3,0.3333333333333333
POG115,60,8,0,0.0
POG115,70,8,0,0.0
POG115,80,10,0,0.0
POG115,90,9,0,0.0
POG116,0,9,9,1.0
POG116,10,10,10,1.0
POG116,20,8,8,1.0
POG116,30,8,7,0.875
POG116,40,9,8,0.8888888888888888
POG116,50,9,2,0.2222222222222222
POG116,60,10,4,0.4
POG116,70,8,1,0.125
POG116,80,9,0,0.0
POG116,90,10,0,0.0
POG117,0,9,9,1.0
POG117,10,10,10,1.0
POG117,20,8,7,0.875
POG117,30,8,7,0.875
POG117,40,9,8,0.8888888888888888
POG117,50,9,6,0.6666666666666666
POG117,60,10,2,0.2
POG117,70,8,1,0.125
POG117,80,9,0,0.0
POG117,90,10,0,0.0
POG118,0,10,9,0.9
POG118,10,9,7,0.7777777777777778
POG118,20,8,7,0.875
POG118,30,10,6,0.6
POG118,40,9,3,0.3333333333333333
POG118,50,9,3,0.3333333333333333
POG118,60,8,1,0.125
POG118,70,8,0,0.0
POG118,80,10,1,0.1
POG118,90,9,0,0.0
POG119,0,10,10,1.0
POG119,10,9,9,1.0
POG119,20,8,8,1.0
POG119,30,10,9,0.9
POG119,40,9,4,0.4444444444444444
POG119,50,9,3,0.3333333333333333
POG119,60,8,0,0.0
POG119,70,8,0,0.0
POG119,80,10,0,0.0
POG119,90,9,0,0.0
POG120,0,9,9,1.0
POG120,10,10,10,1.0
POG120,20,8,8,1.0
POG120,30,8,8,1.0
POG120,40,9,7,0.7777777777777778
POG120,50,9,4,0.4444444444444444
POG120,60,10,1,0.1
POG120,70,8,0,0.0
POG120,80,9,0,0.0
POG120,90,10,0,0.0
POG121,0,10,10,1.0
POG121,10,9,9,1.0
POG121,20,8,8,1.0
POG121,30,10,9,0.9
POG121,40,9,5,0.5555555555555556
POG121,50,9,3,0.3333333333333333
POG121,60,8,1,0.125
POG121,70,8,0,0.0
POG121,80,10,0,0.0
POG121,90,9,0,0.0
POG122,0,10,10,1.0
POG122,10,9,9,1.0
POG122,20,8,8,1.0
POG122,30,10,9,0.9
POG122,40,9,6,0.6666666666666666
POG122,50,9,4,0.4444444444444444
POG122,60,8,1,0.125
POG122,70,8,0,0.0
POG122,80,10,0,0.0
POG122,90,9,0,0.0
POG123,0,9,9,1.0
POG123,10,10,10,1.0
POG123,20,8,8,1.0
POG123,30,8,8,1.0
POG123,40,9,5,0.5555555555555556
POG123,50,9,2,0.2222222222222222
POG123,60,10,0,0.0
POG123,70,8,0,0.0
POG123,80,9,0,0.0
POG123,90,10,1,0.1
POG124,0,10,10,1.0
POG124,10,9,9,1.0
POG124,20,8,8,1.0
POG124,30,10,9,0.9
POG124,40,9,7,0.7777777777777778
POG124,50,9,7,0.7777777777777778
POG124,60,8,2,0.25
POG124,70,8,2,0.25
POG124,80,10,0,0.0
POG124,90,9,0,0.0
POG125,0,10,10,1.0
POG125,10,9,9,1.0
POG125,20,8,8,1.0
POG125,30,10,10,1.0
POG125,40,9,6,0.6666666666666666
POG125,50,9,1,0.1111111111111111
POG125,60,8,0,0.0
POG125,70,8,0,0.0
POG125,80,10,0,0.0
POG125,90,9,0,0.0
POG126,0,10,10,1.0
POG126,10,9,9,1.0
POG126,20,8,8,1.0
POG126,30,10,9,0.9
POG126,40,9,9,1.0
POG126,50,9,3,0.3333333333333333
POG126,60,8,0,0.0
POG126,70,8,1,0.125
POG126,80,10,0,0.0
POG126,90,9,0,0.0
POG127,0,9,7,0.7777777777777778
POG127,10,10,6,0.6
POG127,20,8,7,0.875
POG127,30,8,3,0.375
POG127,40,9,4,0.4444444444444444
POG127,50,9,5,0.5555555555555556
POG127,60,10,6,0.6
POG127,70,8,3,0.375
POG127,80,9,1,0.1111111111111111
POG127,90,10,2,0.2
POG128,0,10,10,1.0
POG128,10,9,9,1.0
POG128,20,8,8,1.0
POG128,30,10,10,1.0
POG128,40,9,7,0.7777777777777778
POG128,50,9,4,0.4444444444444444
POG128,60,8,1,0.125
POG128,70,8,0,0.0
POG128,80,10,0,0.0
POG128,90,9,0,0.0
POG129,0,10,10,1.0
POG129,10,9,9,1.0
POG129,20,8,8,1.0
POG129,30,10,10,1.0
POG129,40,9,9,1.0
POG129,50,9,8,0.8888888888888888
POG129,60,8,3,0.375
POG129,70,8,1,0.125
POG129,80,10,0,0.0
POG129,90,9,0,0.0
POG130,0,9,9,1.0
POG130,10,10,10,1.0
POG130,20,8,8,1.0
POG130,30,8,8,1.0
POG130,40,9,8,0.8888888888888888
POG130,50,9,7,0.7777777777777778
POG130,60,10,4,0.4
POG130,70,8,1,0.125
POG130,80,9,1,0.1111111111111111
POG130,90,10,0,0.0
POG131,0,10,10,1.0
POG131,10,9,9,1.0
POG131,20,8,8,1.0
POG131,30,10,10,1.0
POG131,40,9,8,0.8888888888888888
POG131,50,9,6,0.6666666666666666
POG131,60,8,2,0.25
POG131,70,8,2,0.25
POG131,80,10,1,0.1
POG131,90,9,0,0.0
POG132,0,9,9,1.0
POG132,10,10,10,1.0
POG132,20,8,8,1.0
POG132,30,8,8,1.0
POG132,40,9,6,0.6666666666666666
POG132,50,9,3,0.3333333333333333
POG132,60,10,4,0.4
POG132,70,8,0,0.0
POG132,80,9,0,0.0
POG132,90,10,1,0.1
POG133,0,9,9,1.0
POG133,10,10,10,1.0
POG133,20,8,8,1.0
POG133,30,8,6,0.75
POG133,40,9,4,0.4444444444444444
POG133,50,9,4,0.4444444444444444
POG133,60,10,3,0.3
POG133,70,8,0,0.0
POG133,80,9,0,0.0
POG133,90,10,0,0.0
POG134,0,10,10,1.0
POG134,10,9,9,1.0
POG134,20,8,8,1.0
POG134,30,10,10,1.0
POG134,40,9,8,0.8888888888888888
POG134,50,9,8,0.8888888888888888
POG134,60,8,3,0.375
POG134,70,8,0,0.0
POG134,80,10,0,0.0
POG134,90,9,0,0.0
POG135,0,9,9,1.0
POG135,10,10,10,1.0
POG135,20,8,7,0.875
POG135,30,8,8,1.0
POG135,40,9,7,0.7777777777777778
POG135,50,9,0,0.0
POG135,60,10,0,0.0
POG135,70,8,2,0.25
POG135,80,9,0,0.0
POG135,90,10,0,0.0
POG136,0,9,9,1.0
POG136,10,10,10,1.0
POG136,20,8,8,1.0
POG136,30,8,8,1.0
POG136,40,9,8,0.8888888888888888
POG136,50,9,0,0.0
POG136,60,10,0,0.0
POG136,70,8,1,0.125
POG136,80,9,1,0.1111111111111111
POG136,90,10,0,0.0
POG137,0,9,9,1.0
POG137,10,10,10,1.0
POG137,20,8,8,1.0
POG137,30,8,7,0.875
POG137,40,9,5,0.5555555555555556
POG137,50,9,2,0.2222222222222222
POG137,60,10,1,0.1
POG137,70,8,0,0.0
POG137,80,9,0,0.0
POG137,90,10,0,0.0
POG138,0,9,9,1.0
POG138,10,10,10,1.0
POG138,20,8,8,1.0
POG138,30,8,8,1.0
POG138,40,9,7,0.7777777777777778
POG138,50,9,3,0.3333333333333333
POG138,60,10,0,0.0
POG138,70,8,0,0.0
POG138,80,9,0,0.0
POG138,90,10,0,0.0
POG139,0,9,9,1.0
POG139,10,10,10,1.0
POG139,20,8,8,1.0
POG139,30,8,8,1.0
POG139,40,9,7,0.7777777777777778
POG139,50,9,5,0.5555555555555556
POG139,60,10,1,0.1
POG139,70,8,2,0.25
POG139,80,9,0,0.0
POG139,90,10,1,0.1
POG140,0,10,9,0.9
POG140,10,9,9,1.0
POG140,20,8,8,1.0
POG140,30,10,9,0.9
POG140,40,9,9,1.0
POG140,50,9,8,0.8888888888888888
POG140,60,8,4,0.5
POG140,70,8,2,0.25
POG140,80,10,0,0.0
POG140,90,9,0,0.0
POG141,0,10,10,1.0
POG141,10,9,9,1.0
POG141,20,8,8,1.0
POG141,30,10,10,1.0
POG141,40,9,6,0.6666666666666666
POG141,50,9,3,0.3333333333333333
POG141,60,8,1,0.125
POG141,70,8,0,0.0
POG141,80,10,0,0.0
POG141,90,9,0,0.0
POG142,0,9,9,1.0
POG142,10,10,10,1.0
POG142,20,8,7,0.875
POG142,30,8,3,0.375
POG142,40,9,3,0.3333333333333333
POG142,50,9,0,0.0
POG142,60,10,0,0.0
POG142,70,8,0,0.0
POG142,80,9,0,0.0
POG142,90,10,0,0.0
POG143,0,9,9,1.0
POG143,10,10,10,1.0
POG143,20,8,8,1.0
POG143,30,8,8,1.0
POG143,40,9,7,0.7777777777777778
POG143,50,9,9,1.0
POG143,60,10,0,0.0
POG143,70,8,0,0.0
POG143,80,9,0,0.0
POG143,90,10,0,0.0
POG144,0,9,9,1.0
POG144,10,10,9,0.9
POG144,20,8,8,1.0
POG144,30,8,7,0.875
POG144,40,9,9,1.0
POG144,50,9,6,0.6666666666666666
POG144,60,10,4,0.4
POG144,70,8,1,0.125
POG144,80,9,0,0.0
POG144,90,10,2,0.2
POG145,0,10,10,1.0
POG145,10,9,8,0.8888888888888888
POG145,20,8,6,0.75
POG145,30,10,3,0.3
POG145,40,9,0,0.0
POG145,50,9,0,0.0
POG145,60,8,1,0.125
POG145,70,8,0,0.0
POG145,80,10,2,0.2
POG145,90,9,5,0.5555555555555556
POG146,0,10,10,1.0
POG146,10,9,9,1.0
POG146,20,8,8,1.0
POG146,30,10,10,1.0
POG146,40,9,5,0.5555555555555556
POG146,50,9,1,0.1111111111111111
POG146,60,8,0,0.0
POG146,70,8,1,0.125
POG146,80,10,0,0.0
POG146,90,9,0,0.0
POG147,0,10,10,1.0
POG147,10,9,9,1.0
POG147,20,8,8,1.0
POG147,30,10,9,0.9
POG147,40,9,8,0.8888888888888888
POG147,50,9,5,0.5555555555555556
POG147,60,8,1,0.125
POG147,70,8,0,0.0
POG147,80,10,0,0.0
POG147,90,9,0,0.0
POG148,0,9,9,1.0
POG148,10,10,9,0.9
POG148,20,8,8,1.0
POG148,30,8,8,1.0
POG148,40,9,9,1.0
POG148,50,9,8,0.8888888888888888
POG148,60,10,6,0.6
POG148,70,8,1,0.125
POG148,80,9,0,0.0
POG148,90,10,0,0.0
POG149,0,9,7,0.7777777777777778
POG149,10,10,9,0.9
POG149,20,8,7,0.875
POG149,30,8,6,0.75
POG149,40,9,4,0.4444444444444444
POG149,50,9,4,0.4444444444444444
POG149,60,10,5,0.5
POG149,70,8,2,0.25
POG149,80,9,3,0.3333333333333333
POG149,90,10,3,0.3
POG150,0,9,9,1.0
POG150,10,10,10,1.0
POG150,20,8,8,1.0
POG150,30,8,8,1.0
POG150,40,9,7,0.7777777777777778
POG150,50,9,2,0.2222222222222222
POG150,60,10,2,0.2
POG150,70,8,2,0.25
POG150,80,9,2,0.2222222222222222
POG150,90,10,0,0.0
POG151,0,9,9,1.0
POG151,10,10,10,1.0
POG151,20,8,7,0.875
POG151,30,8,8,1.0
POG151,40,9,9,1.0
POG151,50,9,1,0.1111111111111111
POG151,60,10,0,0.0
POG151,70,8,0,0.0
POG151,80,9,0,0.0
POG151,90,10,0,0.0
POG152,0,10,10,1.0
POG152,10,9,9,1.0
POG152,20,8,6,0.75
POG152,30,10,6,0.6
POG152,40,9,2,0.2222222222222222
POG152,50,9,2,0.2222222222222222
POG152,60,8,0,0.0
POG152,70,8,0,0.0
POG152,80,10,0,0.0
POG152,90,9,0,0.0
POG153,0,10,10,1.0
POG153,10,9,9,1.0
POG153,20,8,8,1.0
POG153,30,10,10,1.0
POG153,40,9,2,0.2222222222222222
POG153,50,9,1,0.1111111111111111
POG153,60,8,0,0.0
POG153,70,8,0,0.0
POG153,80,10,0,0.0
POG153,90,9,0,0.0
POG154,0,10,10,1.0
POG154,10,9,9,1.0
POG154,20,8,7,0.875
POG154,30,10,8,0.8
POG154,40,9,7,0.7777777777777778
POG154,50,9,1,0.1111111111111111
POG154,60,8,1,0.125
POG154,70,8,1,0.125
POG154,80,10,1,0.1
POG154,90,9,0,0.0
POG155,0,9,9,1.0
POG155,10,10,10,1.0
POG155,20,8,8,1.0
POG155,30,8,8,1.0
POG155,40,9,9,1.0
POG155,50,9,8,0.8888888888888888
POG155,60,10,6,0.6
POG155,70,8,2,0.25
POG155,80,9,0,0.0
POG155,90,10,0,0.0
POG156,0,10,8,0.8
POG156,10,9,9,1.0
POG156,20,8,8,1.0
POG156,30,10,10,1.0
POG156,40,9,7,0.7777777777777778
POG156,50,9,2,0.2222222222222222
POG156,60,8,0,0.0
POG156,70,8,0,0.0
POG156,80,10,0,0.0
POG156,90,9,0,0.0
POG157,0,10,10,1.0
POG157,10,9,9,1.0
POG157,20,8,8,1.0
POG157,30,10,10,1.0
POG157,40,9,7,0.7777777777777778
POG157,50,9,1,0.1111111111111111
POG157,60,8,0,0.0
POG157,70,8,0,0.0
POG157,80,10,0,0.0
POG157,90,9,0,0.0
POG158,0,9,9,1.0
POG158,10,10,10,1.0
POG158,20,8,7,0.875
POG158,30,8,8,1.0
POG158,40,9,8,0.8888888888888888
POG158,50,9,4,0.4444444444444444
POG158,60,10,0,0.0
POG158,70,8,0,0.0
POG158,80,9,0,0.0
POG158,90,10,0,0.0
POG159,0,9,9,1.0
POG159,10,10,10,1.0
POG159,20,8,8,1.0
POG159,30,8,7,0.875
POG159,40,9,5,0.5555555555555556
POG159,50,9,2,0.2222222222222222
POG159,60,10,2,0.2
POG159,70,8,0,0.0
POG159,80,9,0,0.0
POG159,90,10,0,0.0
POG160,0,9,9,1.0
POG160,10,10,10,1.0
POG160,20,8,8,1.0
POG160,30,8,8,1.0
POG160,40,9,6,0.6666666666666666
POG160,50,9,3,0.3333333333333333
POG160,60,10,0,0.0
POG160,70,8,0,0.0
POG160,80,9,0,0.0
POG160,90,10,0,0.0
POG161,0,9,9,1.0
POG161,10,10,10,1.0
POG161,20,8,8,1.0
POG161,30,8,8,1.0
POG161,40,9,9,1.0
POG161,50,9,3,0.3333333333333333
POG161,60,10,1,0.1
POG161,70,8,0,0.0
POG161,80,9,0,0.0
POG161,90,10,0,0.0
POG162,0,9,9,1.0
POG162,10,10,10,1.0
POG162,20,8,8,1.0
POG162,30,8,8,1.0
POG162,40,9,9,1.0
POG162,50,9,5,0.5555555555555556
POG162,60,10,5,0.5
POG162,70,8,0,0.0
POG162,80,9,0,0.0
POG162,90,10,0,0.0
POG163,0,10,10,1.0
POG163,10,9,9,1.0
POG163,20,8,8,1.0
POG163,30,10,5,0.5
POG163,40,9,0,0.0
POG163,50,9,0,0.0
POG163,60,8,0,0.0
POG163,70,8,0,0.0
POG163,80,10,0,0.0
POG163,90,9,0,0.0
