participant_id,F1_WASSUP,F2_SHAPS,F3_Depression,F4_GSE,F5_Anxiety_Worry,F6_BIS_BAS,F7_Hypomania,F8_NGS,F9_POG
POG001,0.8494555871032239,0.0492339933990847,0.1672006831239184,1.016349612472784,0.7717901350255257,-0.0546720228171209,0.7993474574821163,1.664277662333533,-0.3077413309126977
POG002,-0.4994388027920718,0.1326790300713881,-0.0011805000309251,0.5048947570198429,-0.126884784157082,0.607449843655104,0.2986145323823397,0.9728118240937368,0.9447032432441956
POG003,-0.9172022121933588,0.8467303513793107,-0.4869308894961799,1.3798541707461212,-1.0646758645622123,1.09643248230512,-1.2275608277654886,-0.0387450458878042,-0.0644694289285547
POG004,0.7055758884795404,0.9322844454028592,-1.292864298681628,0.6847662268988086,0.7615071091282355,1.464486105233406,-0.8970207930686326,-1.1609085787149436,-0.0469697556912538
POG005,-0.4509841840239713,0.8802036292200812,-0.7922014113857916,-0.2852681201835489,-0.6679377270769737,-1.5932665653862943,-0.6175808700155914,-1.2618769065313649,-1.7834195567845206
POG006,1.5349428189363907,0.6259068814250179,0.0516933453632275,-0.3754175795115585,-1.7473335899796407,0.6890958468344565,-0.0874910973567498,2.079817023760677,2.25396190242899
POG007,-0.6638526344916302,0.6450694501858287,-0.8459587746322091,-0.2235529804216714,-0.4180407151437126,0.8436136486650311,-0.949927877713611,0.6160145928945843,-1.5359808980554173
POG008,-0.3887820416227743,0.751198574099307,0.1210219721580266,-0.3605921826683613,0.5727509599092557,1.4430394823530497,-0.1265846464939764,0.010402415515076,0.0915888710587596
POG009,-0.5070274871106747,1.078029272747011,0.1414449143919415,0.2262626919881652,1.1291610524616624,0.3511471879577621,-1.0362882115660077,-0.8886760683037864,1.2059510380587326
POG010,-0.4845995542350198,0.6582741648873041,-0.9237411748174827,-0.8048464155094462,-0.4614382778357757,0.2662649977825099,-0.6937713258458021,1.184791209210455,-0.8595144609415979
POG011,-0.5058698224388407,-0.3299301115207826,1.4174911481212458,-1.2274747965525017,0.2070204907320199,-1.1374691105610466,0.4134472593763102,-1.1001870868681995,0.16007399130405
POG012,-0.3399951142203111,0.584406047981339,-0.8671287690345572,1.332324479269499,1.209911858119528,-1.85949348300638,-1.1113536833953344,-1.343916306337181,0.869780166347576
POG013,-0.780376104975596,0.6181387008208412,-0.550985427189625,1.1901059726506549,-1.237779957879578,1.4472635986980116,-0.8218730172992329,1.3992844678770957,0.9615682318492956
POG014,-0.7437113855748206,0.8744079676309114,-0.6253689415824474,-0.3125180762642225,-0.4885627012524454,-0.1672736537823311,-0.9378420146206262,-1.2195579112809436,-0.7672257380552643
POG015,0.2142939998608546,-1.8283165682812688,-0.8574790821603595,0.0369754200690144,-0.424686471363306,-1.4544052005388517,-0.7114544737751574,0.6311476920571092,0.0844556702655401
POG016,-0.5865563958714185,-0.4712155082615182,-0.3038866112963465,-0.6129709733474379,-0.3702395719380552,0.2999601999708318,-0.865760472272832,-0.0318962868774787,0.2953600479191554
POG017,-0.8803954770003578,-5.197340991094736,1.0385793535806715,0.4766246894901645,-0.8374418304046685,0.6678374728856102,-0.7895055369372581,-0.6136876438074382,-1.7862440743687134
POG018,0.1103376657072988,0.995627198963378,-0.6879619410305706,1.059189113214254,1.474658487920732,-0.7396089796041059,-0.854682534739986,0.3042891752599854,0.2804754992399697
POG019,-0.5031969601759131,-0.2125434345910784,-0.6802486727993603,1.2036229673787888,-0.5443587108682866,-0.6818410764736151,-0.786524551490453,-1.076873365352384,-0.7076116493406884
POG020,-0.6920534573314376,-1.4327381937349692,0.682063845114174,-0.3736258278465603,0.0339738652767032,-1.9385638362435456,-0.742433879020746,-1.2580984240515178,-1.148478713162565
POG021,-0.5996909017255929,-0.9423287824219476,0.0724573086544628,-0.1109114902328797,0.6376527317633164,-0.1721148462131874,-0.9206560945288034,-0.4001773225832065,0.0238638994462735
POG022,-0.4676301125077655,1.0609851001571762,-0.7661726300203457,1.594785001203881,0.3939796699120869,0.6343552637926124,-0.3210044709851689,-0.214122353461993,0.3112776067847795
POG023,-0.6322198403477374,-0.5019964921953566,-0.0175859232752429,-0.3942936255818866,-0.5910000309581179,-0.572257221578123,-0.7685533817095473,-0.8937286953662966,-1.1786032320966968
POG024,-0.8275251368805601,-0.6998257541287207,0.1336156827043457,-0.4847561121108878,0.1296717703726807,-0.2542362801048478,0.3974249327977402,0.8774204878957043,0.2531242232942212
POG025,2.123402730997796,-0.9988502332681451,0.0541517060782001,-0.526621099555349,-1.3672483472994537,-0.4001729630701836,0.4047841235838182,0.1821227089787356,0.2826970613490562
POG026,-0.0294601513866108,0.6397352710510511,-0.6127661229864932,0.1228543316460703,-0.0121641479609138,1.1941118161466535,1.358609808344195,0.3570909595201991,1.7188797359442545
POG027,1.8872316558621005,-0.6158728274993216,-1.1126414924272263,-0.5262705289914726,-0.7807043549916062,0.2769045408176823,-0.6668550360023212,1.3269764387723575,-0.871569356156757
POG028,-0.493353419748803,0.3235639976710217,1.5453936909733077,0.2969830278653546,1.172620748697154,-1.6231031812086318,-0.4918171855970787,0.3951476929628955,0.2151197697366608
POG029,0.7122933351857668,-0.479245105279825,0.9775615422223926,-0.5919649831504874,0.2639749493194185,0.7981974738829142,-1.0993874271386144,0.6788947079803579,0.1150339540848918
POG030,-0.4979657499846669,0.4640023140131329,-0.8494730963344576,1.2606854539376622,-0.5825154369422316,-0.2058813248767512,-0.1839723447259241,-0.9327365368706276,0.8461807440747972
POG031,-0.2669195499105604,0.6397654627422631,0.2619876230243849,-0.0834665452483281,0.512399537230132,-0.9142905303338852,0.4286864691084628,0.8685347781984614,0.2883727976186414
POG032,0.079736952658266,-0.6319372965627921,-1.06363782723518,-0.3896202589022777,0.2652612014434969,-0.6340999415597821,-0.345282321415842,-1.639572427975457,-0.4093811323013291
POG033,0.1536969139725012,0.250472519542068,-0.4103973600981691,-0.3046454166841515,-1.1082718198514812,0.8358792172349757,-0.6234999848779167,-0.0982709162184038,-0.588047118910575
POG034,1.1159919824432916,-0.6526306474384261,-1.1629938009388656,0.5425361259851663,0.1971456543724589,0.9746840517722866,0.0540622440254074,-0.7778630753230874,-0.7555641283092701
POG035,-0.7103253799709206,-0.9954884573136038,0.5696057526168491,1.457427006922313,-0.4205931714667588,-0.7320699002678641,1.0699945962038533,1.922145302246367,-1.0039774774555643
POG036,0.421468668683698,0.8460370303048904,0.2533863708769514,0.9531382612643756,-1.4781239799701624,1.518087982884998,1.548860382343546,1.3423609982783795,2.156017575242842
POG037,1.222282176334689,0.6835310690967235,-0.5284809097470143,0.0923440557466734,1.726641707401374,0.3520903529733571,0.9060423427195644,0.7033091428861517,0.8024694123299114
POG038,0.1307167782982133,-0.6363864359762555,2.7239417758154127,-3.507221118180339,1.1850555090296788,0.2002458301202274,0.8921415205076163,-0.4963722436529059,-0.0951999077822795
POG039,-0.4683519704325824,-2.474132600605375,0.9790452272653868,-1.3055957868117936,-1.3324153272243866,-2.87870140275523,-0.4115423503293119,-0.8588850710198578,-2.19895589160201
POG040,-0.5623294238164118,-0.0972129279876548,-0.265445770099363,-0.265424356374186,1.1972546221078904,-1.453887806428854,-0.6534061143914242,-1.3702684917852246,-1.1265745331893076
POG041,-0.7635580792020645,0.8890663239662643,-0.7944748094906421,1.4250751161392683,-0.4019820560188731,1.3707647812068204,-0.9384400827077278,1.259140409631864,-1.5956732884729272
POG042,-0.619943740767666,-0.2446338950555852,0.741885403414613,0.1817147429085458,-1.1255641601419275,-0.2305665876328995,-0.9225791198629232,-0.8654985465405267,-0.3458789000838694
POG043,-0.8103526001085367,-0.8190049771321286,-0.7508713231017344,-0.206006936366618,-1.2788727810511034,1.0086742031305278,-0.7803595687932098,-0.1020774085241826,0.9776907427652506
POG044,-0.4078726616374834,0.3232529466955063,1.6574542359240347,1.6357291348631702,-1.134954542973854,-0.0106219923359723,-0.9129537125646,-0.3534333337752989,-0.2914082997271908
POG045,-0.6508588298365154,0.4200169265754228,0.2091757547243741,-1.766743591938328,0.7091277252495071,0.4827712594565843,-0.7220391561113583,-0.0700758933162846,0.5358262362503996
POG046,0.0335147850319541,-1.1436128176447689,-0.5833140747195681,-0.250591855272833,-0.8356333678669473,-0.3853099993750748,-0.1444439242744111,1.89902641316275,0.8605470172752767
POG047,-0.619770568067592,0.6313013682388006,0.3028906039486317,0.87990199262771,1.2801044149991505,1.2811236994732282,-0.1059887029742324,1.1613705043761189,0.4278382446060754
POG048,0.5555515897569614,0.8947939796954051,-0.692824688546209,1.317177720145816,-0.9801758717769125,0.774054103645054,-0.8027981541551956,-0.12047698475061,1.4547098394804148
POG049,-0.2919333708951104,0.7876901755995189,4.0708314328804285,1.546813225329389,2.01183926603527,0.1739080221648318,-0.3368065334792854,-0.8329825443135783,0.7715397929783425
POG050,-0.7217092930165326,-0.7315538704595107,-1.0327568266140144,-0.0750370362368653,-0.8199872680279328,-0.3424907802167709,-1.0588332837142602,0.4068106427300205,-1.290804446746843
POG051,-0.3755014950491968,0.4481970097338735,-0.6854885299286765,-0.5232130592604639,1.0240031816314248,-0.864350841257387,-0.6401508450315333,-0.5400196586046226,-0.9687606604634902
POG052,-0.4118250901603743,0.3564803799193624,0.2785596248467496,-0.3967642859518376,1.3255270881101675,0.1363536818937399,-0.279857405166483,-1.6242604462745094,0.4449872961839128
POG053,1.6740878217884192,0.0642401318107331,1.6464555372686354,-0.4626275999544415,0.4307972474383226,-0.415966538027806,0.5701573685972565,-0.1098206374649704,1.5353067818853146
POG054,-0.9268073896372514,-0.3102951762250965,1.5811147575268418,-1.166554848813761,-0.307095142532712,-1.1586093365337045,-0.9419818798158218,0.1177456630946574,-0.4864705858565903
POG055,1.087834744433965,0.8225398425519558,0.5128388969944953,0.9152973736256078,1.1772793493793372,0.327174479517916,0.6990274908015477,-0.0963474917599669,-0.2891553950537975
POG056,0.7531107608627894,-0.0503963899406679,-0.9202289485963304,-0.6093714070055367,-1.4221790125154636,1.2771206887209252,2.542160507489139,-0.1345129616196892,0.941305135281093
POG057,-0.4311960723194009,0.3227045470834606,-0.8113233701701655,-0.454104245467488,0.0910980280582633,-1.5045579084879075,-0.730071339758544,-1.4742077204734314,0.038356318967505
POG058,0.4397993198513331,-1.0329176364344743,-0.3312504089938385,-0.1012023706429674,0.9365069315214714,-0.8726692185325832,-0.1144771084347706,0.1563328596801751,1.5261345074632278
POG059,-0.3759950381897582,-0.0212791912389807,1.1639203814037646,-0.3240663980426301,-0.2594160867262627,-0.7405162099213851,-0.6210680791763598,-0.8702669856407604,-0.7379893733651802
POG060,-0.705258806255024,0.5998111372272302,0.4116238218292176,-1.604245860366947,0.204811926847181,1.29804966968782,-0.985550957024676,-1.3014202002897248,0.4707540561368484
POG061,-0.5729101788892079,-0.6616223957795224,-0.9675134386692558,-0.1741735859287574,-0.9976789765844312,-1.1650794131694029,-0.8555089970808939,0.1970521741294573,-0.9181487224673804
POG062,-0.7419344515669777,0.7664780150693742,-0.9509346721706684,0.1688017080793946,-0.8083032285188703,-2.3636849662891235,-0.9787256944949394,0.4597197533221934,-1.1130735952374056
POG063,-0.763385262596953,-0.3952793124458044,0.4064803231891111,-0.223249907684798,-0.1269260453508751,-1.3950946630343637,-0.9648916677787682,-0.1423052698136941,-0.5228918571561033
POG064,1.7828030776072403,-0.8694922973859308,1.177570088643464,-1.9225387604059825,-0.0207853266057176,-0.4411633627753554,1.8338427192620856,0.9936396921476066,-0.0489146928744624
POG065,2.262998844813445,0.7665801709825663,-0.9195095940394792,1.3907041048092608,-0.5002302489333884,0.9029535040742452,1.5808552252832444,0.991594508979642,1.0826386687416845
POG066,-0.0874287874713074,-0.8888310595158989,-0.1499346071183968,-0.5013005999264559,-1.7630549014907673,-0.2096533828553784,0.6538058940997133,0.9229210467180102,1.621986735662802
POG067,-0.8319891022577096,-1.522945681475946,0.240570019959959,1.2678377009638644,-1.096060953238924,-0.4184667393690218,-0.788284423238459,0.1491420232484006,-2.0730841169330154
POG068,-0.7437097860023315,0.7894784067218323,-0.7513333078181007,-0.2472494878319758,-1.2440479050588795,0.1398460997895489,-1.1212560326357233,0.341509497042791,-0.5322140739458453
POG069,-0.2164300021499396,0.7263292182533692,-0.5124275985668129,-0.2031667836453949,-0.1917377079327924,-0.8527565996335096,0.0409747301076636,-1.0112702916983334,-0.2990547401600341
POG070,0.3769172486707364,0.9886650847886204,-0.8240071305113628,0.4873448399133084,-0.6386676181041516,1.6367346158488445,-0.4703564603109088,0.5518631562746351,0.0149655184260008
POG071,-0.7215586572308657,1.1028570907820885,0.7750675634469367,1.3496106745415255,-0.8531799223599781,1.040547603387387,-0.8401690858184039,-1.322505278006748,1.0009499409728349
POG072,2.679964805724684,-0.6961906218598368,1.2542210353361771,0.2532115070561462,1.548482093375584,0.9607032497500916,1.732666594762102,0.8269612869408619,-2.6483905779360484
POG073,-0.2947176992539294,-0.5948431485530367,0.6528678662099898,0.4466321291373724,1.01866657126197,0.7757715832481376,1.7930636977301566,-0.0113231609780331,1.352275039837474
POG074,-0.9467363091736004,1.5159581230955783,-0.2357703334769599,0.8743614227648179,0.1772897586774788,0.2799855056592483,-0.8832729346192159,-0.9452484404539494,-0.1246297863228309
POG075,-0.8485559708517834,-1.096160927903985,1.1138647585395256,-3.3797553013296326,3.070710623882258,-0.4363403461567336,0.0326916672007083,2.345428961588423,1.282532371228826
POG076,-0.5438195204362358,-0.1701657814494225,-1.1576632103192657,0.6657524601745332,-0.4823381084179585,0.42216737646365,1.0743977985365605,0.715838344910657,0.5548117523476037
POG077,-0.5027001135395924,-0.8328980076700813,-0.1699345573361226,-0.0969784382842482,0.3971194318823958,-1.299729802555267,-0.7558226577117308,0.138756824830376,-0.3872762140390718
POG078,-0.5128250208245867,0.4870771394692005,-0.9132388015907495,-0.8181292576198451,-0.6323984419803887,0.8439212951178002,-0.8196523077789013,-0.8665318067993872,0.1916923904495636
POG079,-0.6423275425279712,-0.2485161074001143,-0.4233845356417234,-0.6469820022690241,0.3156467288719776,0.2772613143940839,-0.5847704309373255,0.8715830104475686,-0.318611138282404
POG080,-0.7570693284596112,-1.4923290799919349,1.3800533849630643,-0.2332534701640793,0.0143443862641484,-1.209721354031108,1.8684343653576925,-0.6269062474207746,0.0549008669353424
POG081,-0.9510036145626202,0.3931107344756188,0.7879414621612174,0.0449352658016706,1.3505633328489317,-0.9884321532932928,1.1805983509140043,-0.6702526164769692,-0.4850468021844467
POG082,0.7602914285935415,1.2112550783078897,-0.5644863194698637,0.7410902222016812,1.2387087567839845,-0.5161284327106397,-0.9064928466545552,0.658253308819731,0.8325310942182144
POG083,-0.0882136892393476,-0.1994983921883085,-0.9201589795988406,-0.354138395006989,0.2654493835736818,-0.7690179701868527,0.345234092403928,1.5471899824446396,0.1894610579389895
POG084,0.2736196020120497,0.4515643105735802,-0.9881727462801988,-0.9873437499642131,-0.2172379621356532,0.7034547885023308,0.8793658865527354,0.8919203586720352,0.836360755612945
POG085,-0.0755176307791176,0.2336151441778677,-1.0562427923925557,-0.319609226232969,-1.4012732522016758,0.2981170939917186,1.7309574714684113,0.4664689787441128,0.0997682250982414
POG086,0.0549044911395016,-0.3995251931188006,-1.039484452981883,-1.81332649798687,-1.1292032972516934,1.4439087141452285,-0.6316458611062876,0.1532797406225204,-0.7440652818830049
POG087,-0.6781858523827023,1.0535972782954914,0.0290617503550289,-0.3058994238082239,-0.8543336454799201,-1.4200584303399884,-0.9169317248413484,-0.712278644851029,0.1206289693969609
POG088,-0.6407779740779156,0.5259455771370076,-0.1455799599013011,-0.6146890893844277,-0.1268375013568752,-0.697036755383609,-0.8141127531801347,-0.7292167371381822,-0.7417512383881864
POG089,4.049557802543835,1.035838276359631,-0.7828693237759837,1.0881466569846625,-0.5683201989581518,0.7786995714104605,0.2925425906245636,0.8734601810312246,-0.0506225801743593
POG090,1.3391628639161133,-0.4133001712636264,0.333430884892277,-0.3585218335791416,0.6124179885812716,0.7216246894014786,1.8417191964056332,1.4779772191997298,1.2379114659045978
POG091,-0.675103873180923,1.4202451432060688,0.7041747928994067,0.721859259196611,-0.0001098958880703,0.6611672739617984,0.3471016962476229,-0.8275351283902292,0.234427794096418
POG092,2.3702067107721536,0.921984855091172,-0.7125239113863964,1.0268180853771316,-0.921374776450098,1.393341731577594,-0.6249937867654201,1.075682585392595,-0.1389451465079004
POG093,0.333908702159353,-0.3778002853460941,-1.1522408011848466,1.459433558665117,0.5751500064668991,1.2209002874206485,-0.1993825620387629,0.1007688320586904,0.9162852962153708
POG094,2.198870331121358,0.7097243849371545,3.511324959483394,-0.0211627385234174,1.629796489241088,0.9093201621725868,0.9695035316328616,-0.9849124193454878,-0.6198334989906353
POG095,1.168657263879813,0.52288696229031,-1.234182462961049,0.0692678019673196,-0.2255352286904251,-0.1048075957310278,-0.4481740870271251,-1.57656658188331,-1.7678340126292635
POG096,1.3989579882732646,-0.7005088380400029,-0.4210213303363935,0.0805902205512767,0.7297467441665012,0.7514896321375172,1.2463049958467969,1.187142193730074,0.2462060882854922
POG097,-0.7053639248350523,0.0678027004274711,1.691948991495435,-0.7777509996589301,1.878296202745192,-1.4281637082623329,0.0035773986602829,0.8563812599273801,0.8328491640931591
POG098,1.3946354574216506,0.1200512261290606,0.0772623027847254,-0.1630483810027423,-0.9191439826560676,0.8951727172997611,0.6372223068002311,-0.1312287738602104,-0.3191297679645579
POG099,2.6629163771525715,-0.3297590150247474,-0.9598052999935708,-0.4918056594820879,-0.7532848803409029,0.2542721721884908,0.1761813658597214,0.4258493842756299,0.8188347330181079
POG100,-0.2143220880111536,1.0374046080824213,-1.0713768920943798,1.5387703670288224,-0.0488225764073695,1.3396172143263727,1.4226955845656144,1.599557395789062,-1.318220999034272
POG101,0.5806421953375747,0.408685635755476,-1.0223954743812376,-0.1024212197315951,-1.4594943234060476,0.6630492185046312,2.8565849851924585,1.0560019877165432,0.547520771475328
POG102,-0.7881988108817388,-0.2546785563276129,-0.3855483017526172,0.0286555191389572,-0.6933152755074933,0.2996703399846422,0.5046853296800625,-0.7932799030572031,-0.7004713002807621
POG103,0.5873257569257792,0.1959861024096332,-0.7061228933223155,0.0947087746842297,0.2822132811896396,0.5682914549601782,0.2289659734576476,-0.0603031824228013,0.0519442869201222
POG104,-0.0320694886780492,0.678954772675253,0.1184620901393853,0.0802646745173392,1.481225806094577,1.2968797682872737,2.293168098993993,-0.5282396576982114,1.1004156401264469
POG105,0.1925966243610569,0.1504168030353687,0.3550064639923062,0.043036871697399,1.4627238562377027,0.8086919656383229,1.4973580874230414,1.1382050126025092,1.2809889110487451
POG106,-0.4656744501640756,0.5887991907727902,-0.9629540508959774,-0.3362802516703747,0.8251963150795963,-1.3524578723389764,-0.5255424298590741,-0.2005711806906368,-0.4846022493114278
POG107,-0.3786528762501752,-0.8436443672468957,0.767267102229329,-0.2255361646963227,-0.2209138544455246,-0.6469675782399971,-0.8347257015481635,0.112917058382996,-0.0095049015598817
POG108,-0.288329779453895,0.8511068233037571,-0.9677351069351916,0.4408436991368595,-0.2825489525743946,0.3173522001794012,-0.2813959188409991,-0.343538716844803,-0.033850324423422
POG109,-0.8501757812890774,1.0023413457759478,0.3561746331766069,-0.4328792645389655,-0.1062738282818964,-0.520865050387777,0.2835207772120345,-1.454599172564534,-1.503744121074682
POG110,-0.5283765623420312,1.6279174056992816,0.7555345401061088,-1.711636321577266,-0.1459247238376527,1.1685184940700024,2.346769446425584,-1.5602659243093555,-0.1409961042697398
POG111,-0.7181268376074939,-0.5700971828603852,1.2400210297827872,-1.955871518441932,1.4774272509817346,-0.0268231185330114,-0.2629792871223556,-0.6545523002357632,-0.6400909462604112
POG112,-0.8818114753470632,-0.7059300150135696,0.3545426064734894,-0.2263041006440708,0.4116576186116253,1.0701035157648744,0.9734543870864472,0.500017270712893,1.0177729987282575
POG113,3.242678128324604,-0.2711395040219828,0.7807822212697878,-0.3065000031038651,0.3990952058889102,-0.92774814727444,0.02452999231814,-1.2029856033849804,0.7531166273478368
POG114,-0.0506955456658537,0.2170765502545437,-0.6691019224798497,1.3335789729769143,-1.272236774335092,-1.5579940266287673,-0.7486971543658633,-0.9698630239220716,-2.1914395293838917
POG115,1.8596920784152409,-0.4503230970793124,-0.6622138576765861,0.7767118179878134,-1.3295629703696366,0.3822799733476429,0.0235747320053069,2.421175920772743,0.1901709982834975
POG116,-0.5020799045188888,0.6466909079073635,-0.2243199408884763,0.5984645597267709,-1.2573730360872326,-1.218271977231022,-0.3258048642572323,-0.5657090504618009,-0.220760377684251
POG117,3.685927435864445,0.5856696493605305,-0.1999201410897741,1.260682425185213,-1.2281303214803252,1.0551011045406666,-0.5255328541097006,2.988430447503905,2.0172497003470578
POG118,-0.2370951694195587,-0.9890354107582652,0.5851587337175462,-0.8714502237068456,2.231703922650288,-0.3454506947200425,-0.7302492880281756,0.1610623558629643,0.7886862682559974
POG119,-0.7142002292152104,0.01735291049237,0.5128944995970439,-0.5708238071856307,1.938938072544702,-0.3766303903454562,-0.2965619617515284,-0.7493100517220557,-0.6777932710264105
POG120,-0.8549531729261529,-0.879523176882868,0.9422095288359772,-0.7255574714959118,0.6852041348744956,-0.7624959005049448,1.6396656890210992,-0.2066507277913495,0.0107872443995812
POG121,-0.4486579030491435,0.1734513762517348,-0.8059105266478237,-0.1653278378419304,-0.6927125105029432,-1.346358035267593,-1.0326462194371628,-0.7449572387006015,-0.8371269308250457
POG122,-0.2212207436389951,0.3277855933760027,0.6179104796267216,-0.5982476505575486,1.954910259304333,0.2840906723048967,1.1369364552674293,-0.1139337711204113,1.3365477785192794
POG123,-0.6284533280517799,-0.4769104415321835,-0.7214048954079657,1.245379667928037,-0.5291536652133405,0.5148544143389855,-0.8987387857673318,0.0392994535273359,0.7716560354805163
POG124,-0.1384194089158919,1.0508161888807757,0.0841615671453225,-0.6392724993771732,0.5442853515199754,0.0283979257044793,1.4743063812504906,-0.7200598274275012,0.459956725792223
POG125,-0.7574149268082763,1.2044925266087536,0.7794586044855406,0.510973349234813,0.3995264030839152,-0.640111941673249,-1.22347341203563,-0.051032985332293,-0.0677543512362562
POG126,-0.2611075929748742,0.2732904613171938,-0.0257272390967319,-1.0331653143299957,1.4925847616355945,-0.9946274517058588,0.3459431930933235,-0.639695052057449,-0.1679283893855553
POG127,1.3000997566316803,-3.0601535502726,1.1000730023491765,-0.7288588351603862,1.0838205482358814,0.7935323496971769,0.3298363918590247,-1.6274634783168735,1.7101126233532171
POG128,-0.5001694595197321,-2.772211964492892,2.8725149824428144,-0.4329818473750365,2.091504613450539,0.098139197370583,1.1676409680350364,-1.234443463968957,-2.106999802958816
POG129,0.2245400165254458,0.2561289067919547,-0.0254175152934682,0.4244747659332442,0.5318642047883507,0.8715850342812319,1.71287845744344,-0.5064594487647328,2.5143723482543474
POG130,1.463492647265363,0.9267272552279128,-0.8634936584104583,0.6218933979683112,-0.8799541873009957,1.40539281340537,0.7102898619702297,0.100624601739511,0.0674058116018737
POG131,-0.6897994877197257,0.1732248910008487,1.04498555846102,-2.4884744268685344,0.1428054568191913,-0.305888361934667,-0.9534635052054512,-1.599274893612263,-1.0811680359906406
POG132,-0.5083709697088814,-0.1066054059190509,-1.0139999677556957,-0.0669246112679844,-0.9643617872708016,0.480364599332073,-0.8970754444678275,-0.3984002550892328,-0.6408149966249024
POG133,-0.3385959331215595,0.781259286940788,-0.7895159638177196,-0.2167116688169965,-0.8587761876194605,-1.012011365095829,-0.70948806831049,-0.2145806646998776,-1.412084239628405
POG134,0.3740925113192146,-0.5787276718209572,-0.9916501317685028,1.4294232062688426,0.0807878165905603,-0.4238467465084006,-0.6300300779327165,-1.0923893269330678,0.1327387089061701
POG135,-0.2531821453169265,0.8427282108234567,-0.3233866019440993,-0.2883003750133204,0.0366837935172084,0.0447745934961237,-0.6747542802715238,-0.9621653077724082,0.442203840871847
POG136,0.7236932258503717,-0.4521138309872684,-0.9685220688730256,-0.2454331631454372,-1.017225504693205,-0.1317445650125957,-0.3744353728202959,0.7999869521592643,0.4343091075177284
POG137,-0.7460071368638902,0.1427122730829882,0.363689820291705,0.1482198662224735,-0.1553473326686483,-0.1210930804073231,-0.908366898367006,0.4511949405267298,-0.1351768986839975
POG138,-0.4484529030551022,0.6362259875822337,1.2355716111075965,-0.7897399148905628,-1.3174594127508197,-2.374274838336325,-0.4984593541460325,-1.1191651739305546,-1.2393105870972825
POG139,-0.1746737862596452,-1.027006493746227,1.3151060961907364,-1.6069881879920702,1.9633834124034928,0.5363223751843393,-0.296905987858703,-1.2880801115947504,-0.7251323666059819
POG140,-0.4578160333070915,-1.9808814086542337,2.493591365819764,-0.570744522373782,0.5536889713947192,-0.827251073709002,-1.0369542103444436,0.0355429388598146,-0.466630392571835
POG141,-0.7841126179656527,-0.478309078292977,-0.2084488685585452,-0.9398607811576514,-1.3723862433326888,-0.8251596885618037,-0.6095335618096746,0.9315955331438328,0.0742296482199328
POG142,-0.5224915451178048,-0.8332919005191215,0.7194306495263528,-1.2178553677327744,0.8600846969604767,0.6093517919689985,-0.4072617320359303,-1.1502987759072931,-0.5395337467173342
POG143,-0.5841489533476134,0.2528690491930953,-0.8844363222691292,1.0228402502187564,-0.3257806826501594,1.1608889103903792,0.2080792125304166,-0.1597071422889618,-1.1220070907867692
POG144,-0.6499076937119143,-2.0770697110062093,1.155514836919016,-0.7655603794425082,-0.5181177227070514,-1.024716932699312,0.6145200633765999,-0.4951411231528582,-0.1878154858109305
POG145,-0.3720875088113865,0.3466752222565333,-1.052888262615774,0.2596348714953404,0.1939699733478362,0.3710550110798929,-1.0156210770648144,0.0776780074524649,-0.4308066773436672
POG146,-0.8106988599798235,-1.240330592602258,2.120834526696312,-2.35915196338038,0.526618736336717,-0.6696950483829271,2.024388158902302,0.9607724850290686,0.771850799219201
POG147,-0.4051846232594619,0.8823162926976436,-0.5001612480042193,1.1789030417933926,-0.164518952667957,1.3354078185080551,0.8339312700642503,0.9552268059353344,1.171703824249
POG148,0.8329151086292291,0.6155342580674685,-0.9180532733979564,0.7331850591814087,0.402941378846714,0.2547612409717067,0.6866238729731611,0.9749336111567758,0.1860621738928762
POG149,-0.1327469650784715,-0.0038044781273401,-0.3725245685246127,1.1312123357297126,-1.140883831847214,1.4326257371852107,2.080114613835971,0.5803817273337479,-0.3443876548826071
POG150,-0.6255237030931373,-0.5001995469295367,-0.2804265098334574,0.2658115765064549,-0.1215033087292353,-0.9598344656988004,-1.034336727953856,-1.2173101039730438,0.3312571342247602
POG151,1.0518366081385393,0.9047928348644296,-0.6096817498411324,1.2479207627684576,-0.7396988354219146,1.2628430542744604,-0.6401486465662231,1.75044224017508,0.9827133326310246
POG152,1.3952117478324344,0.8210692780610137,-0.7551567963676153,1.4953004708739015,-0.84267732509645,1.097513745188347,2.0171260350311333,1.4018362008087006,0.6160572151609089
POG153,-0.699758526687656,0.2625064971846675,-0.233224704128079,0.092616807618238,-0.06621729220936,-0.4116646123496961,-0.350063108345215,-0.0528832700772721,0.8135982995493171
POG154,-0.5866696642476497,0.2627725542025981,-1.0835928307333706,0.6187678849936593,-0.6511508902598317,0.913350812519572,1.0229702589565923,0.5331509441076788,0.366099434336576
POG155,0.3242714049104715,0.9888032758734308,-1.0376468468022304,1.7142247884903783,0.2691971294120076,0.6432146438592526,-0.3241042493768227,1.5741972471088386,-1.0470799776353683
POG156,0.156460865632575,0.4995521742469233,0.0254657876018659,0.2573262006635819,-0.9077064577695692,-0.5398620996728931,1.23987427035888,0.0097367679031684,1.375821584169529
POG157,-0.21403454660231,1.077209497942149,0.6212077177432893,-0.0632138387432235,-0.7696315575574457,-1.3478236036911757,0.416449781399764,0.7451764950943961,-0.5045680517812862
POG158,-0.8582762399037339,-0.2055792131908314,1.2704762623500516,1.5039594116417698,1.1723370806380535,-0.3607914442847324,-0.7408079168913181,0.2791640681918096,0.6411371641966545
POG159,-0.397431074623724,-0.6857896389835537,0.7075919052485774,-0.1836210502047797,-0.3710861644152698,0.3215152323126067,0.0428961285746276,-0.1767384855819032,-0.4519777788431894
POG160,-1.0167366456661495,1.1683220849094893,-0.2497488325659705,0.548102974183221,0.5323829311182819,-1.3122419879893936,-0.6950042535907079,-0.3860537316164576,-0.7708365515930218
POG161,-0.5830704867331926,-0.6543757997036213,-0.7127908714380259,0.7679988175764474,-0.4368191767899368,0.0459226959106316,-0.7140858930805986,-0.8561061703995866,-1.473367335494394
POG162,1.1911597583466014,0.888818206847852,-0.7572541515570891,1.674876545406522,-0.134173512455476,1.5191535453378642,1.1553669269522666,0.297241406381702,0.9569877043349978
POG163,-0.6256908592461747,-3.180824376539348,0.118366761619277,-2.031238082736926,0.2376015917339888,-1.324009916937814,-0.3758230610693592,-1.3870886887168024,-0.8142754360934215
