participant_id,mu,sigma,gamma,lambda,auc,log_steepness,n_valid_rt,beta_0,beta_d,beta_a,beta_d_plus,beta_d_minus,mean_log_rt,mean_rt,median_rt,mean_log_rt_rewarded_exemplar,pog_total,7up7down_composite,pog_upward,pog_social,pog_lateral,7up,7down,pmq9,phq9,bas_drive,bas_reward,bis,wassup,ngs,gse,gad7,pswq,shaps,ie4
POG001,37.23106448172431,5.193656406476763,0.0594787841711861,0.9855417091297688,0.4426101911054744,-3.1105454132912285,90,-0.1144323068796662,-0.0795186376463252,-0.0264789024662533,-0.1059975401125786,-0.0530397351800718,-0.2999078668656194,0.8571855555555555,0.63945,-0.6258716324553417,41,13,10,7,24,7,6,7,3,11,15,13,83,40.0,37,5,5,33,12
POG002,50.46729319075209,0.1993552681538209,0.0250000000913369,0.8499999999999777,0.4876168542886683,0.0340005249701302,90,0.0143420683258395,-0.0695698228587655,0.0309911602690132,-0.0385786625897523,-0.1005609831277787,-0.1450757535294734,0.926572222222222,0.81785,-0.1219276127714825,55,10,13,17,25,6,4,3,4,13,15,10,63,30.0,35,5,5,36,12
POG003,44.999999997873225,3.8622078966772406,5.77611661431527e-21,1.0,0.4999999999763695,-2.737533375028275,90,-0.1198754635264723,-0.0945781805865401,0.0061124339067857,-0.0884657466797544,-0.1006906144933258,-0.3592018572840366,0.8316666666666666,0.60365,-0.35399300315463,42,0,13,5,24,0,0,0,0,16,16,4,42,16.0,40,0,3,42,7
POG004,37.89917351955409,1.5508997696065867,0.0220716763241697,1.0,0.4338791788654358,-1.8474485204565811,90,-0.1941185338159863,-0.12867191764676,-0.0332209216459246,-0.1618928392926847,-0.0954509960008354,-0.5013502314410498,0.6336833333333334,0.5611999999999999,-0.7173021748143963,38,0,5,5,28,0,0,1,0,15,16,11,94,17.0,34,2,7,40,10
POG005,49.95943351039096,0.1817849208174462,5.76186072807885e-06,0.9999999999145986,0.5551073801587993,0.3186309213945912,90,0.015330481995271,-0.1499324159751837,-0.0180222787158022,-0.167954694690986,-0.1319101372593815,-0.3709829446139875,0.7791744444444445,0.61885,-0.6823220990130591,19,0,5,5,9,0,0,0,0,6,14,15,43,9.0,31,0,9,40,15
POG006,63.47912254522681,6.145406854638249,5.6242166876568845e-22,0.930820780242472,0.6556884447782927,-3.27368783366128,90,0.0331778016030469,-0.0271720242288808,0.0145417421233544,-0.0126302821055264,-0.0417137663522353,-0.0182613610588406,1.03138,0.9273,0.04968541473474,75,3,24,22,29,2,1,1,0,15,15,12,85,38.0,35,4,3,39,18
POG007,46.3390688393468,4.557716490960329,4.87707461725248e-23,1.0,0.5148769871718456,-2.9031160896930075,90,0.609077340578464,-0.140668573184678,0.0386680021518295,-0.1020005710328484,-0.1793365753365076,0.2591948560534315,1.4739966666666666,1.153,0.2615999463504416,27,0,5,5,17,0,0,0,3,14,16,10,53,28.0,29,0,5,39,10
POG008,39.27100280939424,3.204224203338068,0.0215718463405604,0.6961532911829457,0.3159218442260655,-2.944427226105617,90,0.2039402746908583,-0.0417366174338061,-0.0076995265066732,-0.0494361439404794,-0.0340370909271329,0.1018208974853844,1.1897944444444446,1.0008,0.0689570036947623,44,8,8,9,27,3,5,2,6,16,16,14,66,21.0,30,5,7,40,13
POG009,51.63592107243053,7.3750605359822545,9.197724385439343e-18,1.0,0.5733570597835126,-3.384398471580867,90,0.5023407274022378,-0.1486505185733149,0.0064220455367551,-0.1422284730365597,-0.1550725641100701,0.1270640714271347,1.25803,1.02675,-0.0882242388168649,48,4,7,11,30,0,4,0,5,14,16,16,47,18.0,33,8,13,40,17
POG010,47.64136735570002,10.164357660095886,5.2150766013401206e-20,0.977588800940882,0.5168003361206598,-3.7278477611665934,90,0.2530347541580856,-0.0569410760162435,0.0031901594614515,-0.0537509165547919,-0.060131235477695,0.1098191090233836,1.1899833333333332,0.9775,-0.0399362721973207,37,1,10,7,20,1,0,4,1,10,14,13,61,32.0,29,0,4,37,6
POG011,60.228709941636815,2.8767762298076107,2.755556000015296e-15,0.9473013845424626,0.6339405891600698,-2.497102648195768,90,-0.4561737952259042,-0.0773999428213784,0.0266367689975761,-0.0507631738238023,-0.1040367118189545,-0.6292735032033933,0.5872777777555555,0.49385,-0.6027055162251178,40,15,8,9,23,4,11,10,5,8,11,13,47,7.0,25,10,11,31,8
POG012,44.47848632419101,9.465669588160198,1.977025203075725e-15,0.996043734417818,0.492348864131179,-3.637929999181017,89,0.3456497712593479,-0.1074693129471436,0.0250956874378651,-0.0823736255092784,-0.1325650003850087,0.0770458947544151,1.4128831460674156,0.8981,0.2567325805594466,43,0,5,9,29,0,0,0,2,9,4,7,48,10.0,35,5,14,40,12
POG013,49.95943351039096,0.1817849208174462,5.76186072807885e-06,0.9999999999145986,0.5551073801587993,0.3186309213945912,90,-0.1674971031864761,-0.0618829300614632,-0.0465296598695442,-0.1084125899310074,-0.015353270191919,-0.3500932625016138,0.744151111111111,0.70905,-0.6355602955052309,57,1,16,11,30,1,0,0,0,16,15,5,57,32.0,39,0,3,39,9
POG014,48.88496166999002,11.356430922487814,1.5247237019659823e-24,1.0,0.541525407925577,-3.8160785456897535,90,-0.026027709929477,-0.0961040778856584,0.0067510167172827,-0.0893530611683756,-0.1028550946029412,-0.2663389846227571,0.7989155555555557,0.7555499999999999,-0.4200653502058649,32,1,8,6,18,1,0,0,4,11,15,10,40,8.0,30,2,8,41,5
POG015,39.41471751846696,3.102982079793513,0.0138877693695557,1.0,0.4457471479646342,-2.5326430781346896,90,-0.0779801471724037,-0.0918693818351308,-0.0267798961077458,-0.1186492779428767,-0.065089485727385,-0.2967840179954917,0.7953866666666667,0.69955,-0.4021581451466019,41,2,8,13,20,2,0,5,6,8,13,11,56,25.0,29,1,3,22,12
POG016,49.03221317336272,0.3540835386617853,0.0562499999998391,0.954999999990345,0.5458911287675527,-0.4548223223092082,90,-0.4890680871045676,-0.068013852798206,-0.0082433877292286,-0.0762572405274347,-0.0597704650689773,-0.6656695663146462,0.5453044444444445,0.4766,-0.840890480025465,46,3,8,16,22,0,3,4,3,12,16,12,50,22.0,30,1,9,30,11
POG017,57.127423825094965,0.105612423989928,3.486378536248782e-05,0.9999897024596616,0.6347553512971421,0.8616397397451939,90,0.4936198179748449,-0.2203109837203359,0.0270102903975277,-0.1933006933228081,-0.2473212741178636,-0.0584129255737818,1.1585,0.783,-0.4343573982918779,20,13,5,5,10,3,10,3,10,16,12,6,35,8.0,30,4,3,3,13
POG018,44.54169153009738,8.219290887265934,1.667367582349116e-27,0.992517569222546,0.4912467763188574,-3.5002888643008374,89,0.8067106785832606,-0.1742354172871369,0.0013535980387055,-0.1728818192484314,-0.1755890153258424,0.3614145467247499,1.6639887640449436,1.398,0.1785000445600865,41,3,5,9,27,1,2,3,4,8,15,14,64,27.0,35,3,9,42,9
POG019,43.518423465187645,5.935958131148209,2.776898661003877e-23,1.0,0.4835549991841386,-3.1673228135820977,90,-0.3114083230374023,-0.0760916777073544,-0.0158906822710678,-0.0919823599784223,-0.0602009954362866,-0.5013638514735684,0.63135,0.5327999999999999,-0.6290107234385951,30,1,6,6,18,0,1,0,0,11,12,12,42,11.0,37,1,6,34,13
POG020,49.91126911627267,6.535179993277163,4.592242701385476e-19,0.969023336911454,0.5372725217116142,-3.2949608346633323,90,0.3913305444549624,-0.0969792039236264,-0.0118359449479247,-0.1088151488715512,-0.0851432589757016,0.1414214098002205,1.2295577777777775,1.13935,-0.1417980417884987,24,6,5,5,14,0,6,2,12,7,9,13,31,7.0,28,6,11,24,9
POG021,52.36859472794806,6.964432986511718,0.044752335130589,1.0,0.6002935092828791,-3.3728951932471216,88,-0.1047092734589652,-0.0866669203522715,-0.0148263860624358,-0.1014933064147074,-0.0718405342898356,-0.3458566657713873,0.7706488636363638,0.6367,-0.4389882344854799,37,6,5,8,24,1,5,2,5,11,13,11,50,18.0,30,6,10,27,10
POG022,41.02847332369847,3.6304581276228367,0.0041151592331357,1.0,0.4581115402949952,-2.679776857192313,90,-0.069820314484343,-0.1157354848079549,-0.0130306241711171,-0.1287661089790721,-0.1027048606368378,-0.3573994308876345,0.7864866666666668,0.61715,-0.526722896541439,43,4,7,7,29,4,0,0,1,13,15,10,65,21.0,39,4,6,41,13
POG023,47.94445002943763,1.5009520447145075,0.0248608673319846,0.9999999999999808,0.5443331941980838,-1.8175690823624584,90,0.2593666420584419,-0.1378133780984233,-0.0428777575754508,-0.1806911356738741,-0.0949356205229725,-0.0995783022315163,1.1141311111111112,0.7514000000000001,-0.4650355898554045,27,6,6,5,16,0,6,0,1,10,12,11,45,12.0,28,4,6,29,6
POG024,54.47417901348526,3.730133511808998,0.0329612878987161,1.0,0.6182765984604057,-2.736255139319065,88,-0.2484275557878531,-0.0820318603987173,-0.0367919669707753,-0.1188238273694926,-0.0452398934279419,-0.4927232488340094,0.686075,0.5812999999999999,-0.8134817191345087,47,9,13,10,24,4,5,8,5,12,12,12,44,28.0,30,5,8,30,13
POG025,54.74881541662504,3.698604851405473,1.3350533496873204e-16,1.0,0.6083172041767124,-2.694250042474652,90,-0.406399094795707,-0.0874613177972659,0.0039136197676204,-0.0835476980296455,-0.0913749375648863,-0.630738377633749,0.5757666666666666,0.4821999999999999,-0.8345325972604528,54,8,16,18,20,3,5,3,3,11,11,9,94,25.0,29,1,6,28,11
POG026,58.59759665153385,2.3667696284643,0.0378882558346453,1.0,0.6643041667342469,-2.2864450374238765,88,0.8100286581594642,-0.142663440961737,-0.0031478153769916,-0.1458112563387287,-0.1395156255847453,0.4115833071596783,1.844552272727273,1.36965,0.2708383594024858,67,9,25,12,30,7,2,1,3,14,16,13,78,27.0,33,5,7,40,12
POG027,48.76817381105161,7.44395100425289,0.0170634842739002,0.9474300475100772,0.5210078560640053,-3.465872734442746,89,0.2684757686738168,-0.0565205751889393,-0.0024601896534423,-0.0589807648423816,-0.054060385535497,0.1234080269395015,1.193865168539326,1.072,0.0485833552256742,41,0,11,10,20,0,0,0,0,11,13,11,95,34.0,30,0,5,28,11
POG028,40.0299659016602,7.962327867745465,9.013836529682323e-21,1.0,0.4451892161232463,-3.461015763918941,90,0.0335847406239173,-0.1396000755001296,-0.0462360735341128,-0.1858361490342425,-0.0933640019660168,-0.2965761770274758,0.8274844444444444,0.63305,-0.6016302006596904,39,13,9,5,25,2,11,7,10,7,13,12,47,24.0,32,10,13,36,7
POG029,44.424857301351246,2.23515831011714,0.2775103540083258,0.9749805164837984,0.6217882700237414,-2.550901962958669,90,-0.1319317517686778,-0.0607916728538968,-0.0305395265696878,-0.0913311994235847,-0.0302521462842089,-0.2829012496600676,0.8146177777777777,0.6998500000000001,-0.5925151660630736,46,9,11,8,27,1,8,2,10,13,15,16,72,28.0,30,6,7,28,12
POG030,45.6248331332467,3.200611629129752,0.1821900104351247,0.9999999999999948,0.596772716023635,-2.750761542722437,90,-0.0972207690053179,-0.0285011426790593,-0.0335569912859724,-0.0620581339650317,0.005055848606913,-0.1699894196063547,0.9068822222222224,0.7423500000000001,-0.4100086116334259,53,5,5,19,29,5,0,0,2,10,15,9,55,12.0,36,0,4,37,12
POG031,43.660931144501575,4.557716491029779,1.0365893719952642e-19,1.0,0.4851230126487114,-2.903116089708245,90,0.4639139201748558,-0.2605096002245488,0.0095448086159932,-0.2509647916085555,-0.270054408840542,-0.1961224349566295,1.1184144444444444,0.6496999999999999,-0.411814491127837,43,10,10,11,22,5,5,6,3,10,13,14,57,31.0,31,7,10,38,10
POG032,45.30581727031075,5.2407556578236045,9.67672659876501e-25,0.9818075920889304,0.4942387029064047,-3.061119983125684,90,-0.0979038212598999,-0.0629787385027617,-0.0102437372027155,-0.0732224757054772,-0.0527350013000461,-0.2582613071528096,0.8306122222222222,0.68255,-0.2980047460771186,34,2,6,6,22,2,0,3,2,10,12,12,58,7.0,29,4,9,28,14
POG033,38.09850645562416,6.401188520035849,0.1409708955426022,1.0,0.5047526246882594,-3.3947305162819497,90,-0.1501045629219869,-0.039742402297968,-0.0623412105884365,-0.1020836128864046,0.0225988082904684,-0.2071107625316988,0.8873955555555556,0.7327999999999999,-0.4259290812606174,40,2,9,11,20,0,2,1,0,14,14,11,61,20.0,32,0,6,36,11
POG034,46.05365141228876,4.83544921591964,0.0201041636567474,0.9867996562428628,0.5147671714578086,-2.9961401271000745,89,0.6987842019837006,-0.1451856922628247,0.0273915935896018,-0.1177940986732229,-0.1725772858524266,0.3314189126663883,1.7825606741573037,1.1838,0.1244231628386538,36,4,5,8,23,4,0,3,3,14,16,8,89,15.0,33,2,5,30,11
POG035,47.55977863625972,1.0454568674101248,0.0249954551818741,1.0,0.5402287920807323,-1.456061491332477,89,0.6595923058694868,-0.0724270084581806,-0.0367979726300683,-0.1092249810882489,-0.0356290358281123,0.4675218909698865,1.861270786460674,1.4195,0.2591977442011693,37,15,12,9,16,9,6,4,9,9,13,9,45,37.0,39,3,4,29,12
POG036,56.899095659085376,5.618764284583296,0.3256305440053249,0.7752133361316638,0.6097859113950757,-3.911841377536176,90,-0.2357015770202061,-0.0357624586145686,0.0364904616966593,0.0007280030820906,-0.0722529203112279,-0.2871378767153937,0.8421055555555554,0.69165,-0.1101248817504921,76,12,25,21,30,7,5,3,3,16,16,10,93,34.0,40,0,4,42,9
POG037,44.999999999835694,2.403150771853451,4.5306199340373355e-09,0.9999999954693748,0.4999999999981718,-2.2630750681438307,90,0.1875899733131857,-0.1469101767999989,-0.0311173663222785,-0.1780275431222774,-0.1157928104777204,-0.1831994805209192,0.9978833333333332,0.7212000000000001,-0.3917770542146147,50,9,12,9,29,6,3,5,5,12,16,14,95,31.0,31,7,10,39,14
POG038,44.99999999348783,5.3950560454908025,1.1461210551019064e-27,1.0,0.4999999999276771,-3.071777348189524,90,-0.4538599925345245,-0.0772662889857448,-0.0321351346148199,-0.1094014236005647,-0.0451311543709249,-0.6481730297401663,0.5487588888888889,0.4892499999999999,-0.818373077062135,42,23,14,9,19,5,18,15,12,12,14,15,66,13.0,15,17,13,28,9
POG039,61.06780461050798,3.2151789509417736,0.058533885469091,1.0,0.6973438262138512,-2.614494300989248,90,0.3999061185341459,-0.1459614580344442,0.0057188009170827,-0.1402426571173614,-0.1516802589515269,0.0085105377718803,1.2051388888888888,0.8697999999999999,-0.3952483097468895,16,12,5,5,6,1,11,1,8,4,6,16,30,9.0,22,5,5,17,8
POG040,42.09203214797803,5.125623257716862,0.0190583198627852,1.0,0.4778444785475663,-3.039788760597511,90,0.0119231890883044,-0.0904858067558419,-0.0533035137418851,-0.143789320497727,-0.0371822930139568,-0.2000227187954239,0.9448433333333331,0.69875,-0.5183730685406602,24,2,5,5,14,0,2,1,8,7,12,16,44,7.0,30,9,13,33,11
POG041,49.47302826382428,0.4544002059899189,0.1312499999969785,0.9777777754060624,0.5965865839850442,-0.7641296687543812,90,-0.1729792057185011,-0.0574987090367466,-0.0278554079748368,-0.0853541170115834,-0.0296433010619097,-0.3292928457506581,0.8246644444444445,0.64465,-0.6368442732121439,28,0,5,5,18,0,0,0,0,16,16,11,51,33.0,40,0,3,40,12
POG042,45.255863839347846,8.798846579245488,2.9027842824974917e-21,0.97497814410025,0.4902277445052336,-3.586255228016247,90,0.7337182612641903,-0.1126084083502709,0.0120696692411054,-0.1005387391091655,-0.1246780775913763,0.4492248481127142,1.8055433333333333,1.3714,0.4123950342704838,41,5,12,8,21,0,5,1,9,10,15,13,38,9.0,31,3,4,32,7
POG043,40.0798336943933,0.2840677345438483,1.3349834916996507e-16,0.9749999999996736,0.4341981983557821,-0.153069601761483,90,-0.0757045608843098,-0.0914946096686529,-0.0188199527687007,-0.1103145624373536,-0.0726746568999521,-0.2980672430957472,0.9082911111111112,0.63315,-0.3836590944475792,56,0,17,14,25,0,0,0,1,15,15,10,45,18.0,32,2,4,30,10
POG044,60.08671643088661,0.2922383085766557,0.14537037037037,0.9814814814811688,0.7035833841262378,-0.3351024435210717,90,-0.1408027843578293,-0.0140719791211451,-0.0216491489420575,-0.0357211280632027,0.0075771698209123,-0.2134077123018365,0.9504822223111112,0.7105499989999999,-0.0906583421513817,39,10,10,5,24,0,10,0,6,12,13,14,48,16.0,39,0,3,37,12
POG045,30.000000000095547,0.2110761586921565,1.9752770626258887e-10,0.9999999999999996,0.3333333334660801,0.1692419076434377,90,-0.0441719620659315,-0.1024914756019911,-0.0442247416378161,-0.1467162172398072,-0.058266733964175,-0.2565273778076238,0.8893444444444446,0.6676,-0.4339892080026438,46,8,10,8,28,2,6,3,5,11,15,12,56,18.0,25,9,11,35,9
POG046,65.99949175822809,3.2208062844085825,0.0412359794003928,1.0,0.7443042686473595,-2.598036390791184,90,0.05647626837571,-0.1005388460851102,0.0441014016429563,-0.0564374444421539,-0.1446402477280665,-0.1512377206038709,0.9516,0.7945,-0.3414491546584172,55,4,16,15,24,3,1,2,4,12,12,8,57,40.0,30,1,7,28,15
POG047,53.46705822520328,6.778378369181254,2.4264966132667607e-20,0.9951451577352436,0.5908811153088209,-3.304898921170542,90,-0.0193740370551905,-0.1590526798631064,0.0086670568707532,-0.1503856229923532,-0.1677197367338596,-0.4233904606446554,0.766,0.5674999999999999,-0.6866705304024437,47,8,11,9,27,2,6,8,4,16,16,14,61,35.0,37,7,10,38,12
POG048,59.89670068228655,0.3350370560642833,8.283344098742964e-06,0.9444444444444678,0.6285483950658384,-0.3499474074407024,90,0.2638206275265116,-0.1610249479216001,0.0063856856279384,-0.1546392622936617,-0.1674106335495385,-0.1614222639490125,0.9653377777777776,0.73105,-0.5913538049947795,64,1,16,19,29,1,0,0,0,14,16,7,70,17.0,39,0,3,42,12
POG049,59.676399078991246,0.4577484511069199,0.0749999999336777,0.98333333339572,0.6772895833162474,-0.7010027423882299,89,0.2653081149980645,0.015613347679953,0.0015748672879237,0.0171882149678767,0.0140384803920292,0.3103255713889371,1.661330337078652,1.3164,0.4175802465262208,45,24,10,7,28,3,21,4,17,10,15,13,54,14.0,37,17,15,40,11
POG050,46.05836116725629,2.7432517640246084,0.0503914244733906,0.971291217398918,0.5216707034874476,-2.4778424041661418,90,0.4559330551583733,-0.0648833403370786,0.0090358821259823,-0.0558474582110962,-0.073919222463061,0.292269254236056,1.4729144444444444,1.1636,0.1450250185768876,28,0,5,6,17,0,0,0,0,11,12,8,38,24.0,31,0,5,29,9
POG051,40.8191914510353,7.709926289204724,1.5166147903276627e-27,0.999026907976103,0.4533886537311861,-3.4297765540203025,90,0.1234712626071839,-0.0552440830453116,0.0020351733815101,-0.0532089096638015,-0.0572792564268218,-0.0179349890288227,1.135481111111111,0.9294,-0.1339046072089564,27,0,5,5,17,0,0,7,5,9,13,12,51,14.0,30,8,10,36,10
POG052,61.66095779246034,6.467512411792605,9.225628127730171e-33,0.896188081981111,0.6132023511822116,-3.3626908904086563,89,-0.1889006838980488,-0.0414882089044312,0.026920633763391,-0.0145675751410401,-0.0684088426678223,-0.2610047175869351,0.9010337078651688,0.7053,-0.062974548110919,41,8,9,6,26,2,6,7,7,12,14,16,55,7.0,30,6,14,36,13
POG053,53.38140585950744,8.143809724497224,6.0354852309986094e-18,1.0,0.592252244492995,-3.4835524567672524,87,0.4824146672759464,-0.1379292014153548,0.0002017509400718,-0.1377274504752829,-0.1381309523554266,0.1125266497103508,1.4626045977011497,0.9166,0.0345723640264223,57,16,16,14,27,5,11,5,11,11,15,16,81,25.0,31,11,11,34,13
POG054,46.96379495242275,19.166094538258825,1.1314698658531722e-15,0.9999999999996572,0.5180080736037187,-4.339437169632104,78,0.3842318160233055,-0.1482456141156739,0.0287267298612817,-0.1195188842543921,-0.1769723439769557,0.01794719710994,1.2663153846153845,0.8758,-0.1659967173580445,33,11,8,5,20,0,11,5,10,9,12,13,34,18.0,24,6,8,31,9
POG055,49.082750298516736,6.97639702088475,0.0335652322222377,0.9721340387484112,0.5452846736725001,-3.392226068722809,90,-0.2065612068048954,-0.0656889854218863,-0.0175324451242532,-0.0832214305461396,-0.0481565402976331,-0.378756161369428,0.775671111111111,0.60495,-0.5350667351053563,42,13,9,7,26,6,7,5,7,12,15,13,94,23.0,35,6,9,38,13
POG056,36.93923752874855,6.297392837961387,0.2314910548351613,0.9199693346482788,0.5141931216934629,-3.599701582043158,87,-0.0930494700513227,0.017759724651551,0.0003557042066364,0.0181154288581875,0.0174040204449146,-0.0470585775925973,1.2090724137931037,0.7755,0.1991264416606442,63,12,20,18,25,11,1,0,0,15,15,13,89,23.0,30,0,6,34,11
POG057,39.41471751846696,3.102982079793513,0.0138877693695557,1.0,0.4457471479646342,-2.5326430781346896,88,0.4314255826638137,-0.0486228095356423,0.002262319147448,-0.0463604903881942,-0.0508851286830904,0.3069825062100895,1.732215909090909,1.3971,0.6293701453803252,37,1,9,5,23,1,0,0,3,7,10,13,49,7.0,28,7,8,36,8
POG058,49.76997932322592,4.643503750748877,4.630459339233376e-32,0.9875289687294468,0.5460956199561137,-2.934313008310164,90,0.3391850145481547,-0.1692325457913215,0.0400828129643715,-0.1291497328269499,-0.209315358755693,-0.0704304147396348,1.0574522222222222,0.80315,-0.0649329017716783,56,8,13,14,29,4,4,7,10,9,12,10,79,21.0,30,7,6,29,9
POG059,65.21080232625908,3.9214618753319135,0.0402720139637353,1.0,0.7355817179517463,-2.7938642553324606,90,0.0530918710487667,-0.0602991555798172,-0.0085679568581874,-0.0688671124380046,-0.0517311987216298,-0.1392198583808988,0.9501666666666668,0.7851,-0.3387053550287951,32,11,6,8,18,0,11,2,4,9,13,16,46,13.0,31,5,10,32,10
POG060,58.07738038782311,2.2507541194912086,0.117494830758426,1.0,0.6869791311217601,-2.3225503180938607,90,-0.4916276760845844,-0.0117953052800277,-0.0408332050927161,-0.0526285103727439,0.0290378998126884,-0.5789713456805266,0.623198888888889,0.534,-0.7514699793342148,43,6,10,7,26,0,6,1,3,16,16,15,49,10.0,26,6,14,36,10
POG061,49.535045272546064,0.331094154281285,0.0312500000000014,0.9999881288711712,0.5644331896763899,-0.3127028235455827,90,0.3667674379712973,-0.0832010050842088,0.0040912377083282,-0.0791097673758805,-0.0872922427925371,0.157190296423855,1.218544444511111,1.01715,0.0082141202196422,32,0,8,8,16,0,0,0,0,7,13,11,42,22.0,30,0,4,29,11
POG062,38.64797441251718,5.714341636571483,6.401286666551534e-26,0.994882786996784,0.4272895356129776,-3.134403803306665,89,0.2941711262539104,-0.1843131649669961,-0.000917626265507,-0.1852307912325032,-0.1833955387014891,-0.1775235095027359,1.0,0.708,-0.2365815251015381,28,0,5,5,18,0,0,0,0,4,11,10,35,23.0,29,0,3,39,13
POG063,25.987506030698498,0.2800778026831815,3.273803754498791e-11,0.9999605714858848,0.2887386820449532,-0.1136459427590215,90,0.2374510749490293,-0.0932700615541406,-0.0397504599414241,-0.1330205214955648,-0.0535196016127164,0.0444609372555757,1.2062555555555556,0.9707,0.0007549834200657,31,6,6,5,20,0,6,0,11,7,13,11,39,20.0,28,3,8,31,12
POG064,31.78493906683825,30.59599593078949,0.0926165198901815,1.0,0.4636387660210264,-4.90435362724126,87,0.0984770636801193,0.0369161183912467,-0.0032168661088814,0.0336992522823652,0.0401329845001282,0.2022631389981287,1.5631126436781606,1.1044,0.4106912470423797,51,17,17,14,20,9,8,11,11,11,12,10,83,28.0,25,10,10,28,13
POG065,79.44783611314608,2.4277644910962226,9.296330209695246e-19,0.8995720712922566,0.7937882693760311,-2.379101337609767,89,-0.4620018897032091,0.014944894686475,-0.016263140500671,-0.0013182458141959,0.0312080351871461,-0.4632976964161585,0.6685719101123596,0.5856,-0.4366458116349124,65,9,18,18,29,9,0,2,0,14,16,11,106,34.0,39,0,3,41,12
POG066,57.38966914250441,3.0945675420195484,4.11500893848702e-17,0.8342653577153613,0.5319793825482784,-2.6971462820631773,89,0.4268985124137567,-0.0685261200509581,0.0272157597283836,-0.0413103603225745,-0.0957418797793418,0.2753276867276637,1.7199483146067414,1.0194,0.0948795932914009,67,9,23,17,27,6,3,1,3,12,12,11,54,28.0,30,1,3,28,12
POG067,46.32494890814823,4.815020125602668,2.1057254467072687e-24,0.9856444516234486,0.5073299764298383,-2.9724941722742644,90,-0.1960948426293509,-0.1256776862620834,0.0130674459353339,-0.1126102403267494,-0.1387451321974174,-0.5125362059919428,0.6714666666666667,0.51825,-0.5497945932740109,21,5,5,5,11,0,5,1,5,11,12,9,36,19.0,37,0,3,25,13
POG068,44.64042995350386,6.490885643830697,0.0175023126410254,1.0,0.5048335122455865,-3.27435063444014,90,-0.0421656737776386,-0.0927691410037465,-0.0306074772078354,-0.1233766182115819,-0.062161663795911,-0.2773664834308826,0.8525944444444447,0.67865,-0.5006765742304393,38,0,7,9,22,0,0,0,0,12,15,5,44,20.0,30,0,3,40,8
POG069,42.96661854331175,9.020454841391285,0.1905579968345931,0.9964135088051989,0.5755274799434897,-3.8016399378885977,90,0.0849411814812321,-0.055909667377717,-0.0818166633887286,-0.1377263307664456,0.0259069960110115,-0.0366765326198673,1.127916666666667,0.8955500000000001,-0.3716955398069041,37,7,6,6,25,3,4,1,2,7,15,14,60,13.0,27,2,6,37,10
POG070,55.912075423783534,3.7494650841214017,0.2987674156729773,0.9243458536237984,0.6874021424263614,-3.176986103229412,89,-0.2256590006406338,-0.0113250898014918,-0.0340873229561918,-0.0454124127576837,0.0227622331546999,-0.2921905957358744,0.8549741573033707,0.6677,-0.3423526376568575,48,1,12,12,24,0,1,0,0,16,16,12,85,29.0,36,0,3,42,11
POG071,56.482544983810975,9.425665729511646,0.0404867097793069,1.0,0.640083266355258,-3.671059838826672,88,-0.6685873441186423,-0.0490742284190283,0.0007953126950931,-0.0482789157239352,-0.0498695411141215,-0.7949625399433629,0.4704875,0.4647,-0.9223277765811062,51,8,12,11,28,1,7,2,0,16,15,12,44,10.0,40,2,9,42,8
POG072,20.29471686760297,9.234420066623358,3.654228874903365e-21,0.924510835104636,0.2184140552640072,-3.687722683727455,90,0.1064864073760772,-0.0968948202500598,-0.0584522724267933,-0.1553470926768532,-0.0384425478232664,-0.0509351586535979,1.2269600000000005,0.9321,-0.1739236919730666,27,16,9,5,13,9,7,11,19,14,15,9,99,24.0,36,9,12,33,16
POG073,47.07788207627603,1.979403704841228,0.062426047677375,0.9152743390961996,0.5085403953640666,-2.22826360157326,90,-0.1095353976210306,-0.0597476613909639,-0.0055386476690509,-0.0652863090600148,-0.054209013721913,-0.262569053367938,0.8421788888888888,0.70075,-0.4184437752823018,57,19,13,15,29,11,8,9,8,14,15,14,67,22.0,34,9,9,31,15
POG074,62.72132020952781,1.8370303481447896,4.438680885082479e-24,0.8543697809355822,0.5954133338786949,-2.1518358678658203,90,0.4141444480092737,-0.1555442441578411,0.0913475636984517,-0.0641966804593894,-0.2468918078562929,0.1350636119251232,1.3584433333333334,0.99335,0.3131952381698,36,1,6,5,25,0,1,1,1,13,16,15,39,16.0,36,2,13,42,11
POG075,67.99082226425186,3.798913631640163,2.5462679947253096e-25,0.9833096286314348,0.7427184912815706,-2.7378407256518917,90,-0.065010437299267,-0.0918954034790345,0.0373735699346239,-0.0545218335444105,-0.1292689734136584,-0.2610412224413004,0.8093455555555555,0.7299,-0.265308776316137,58,11,15,16,27,3,8,17,18,10,13,13,48,32.0,17,21,13,29,9
POG076,58.02076661497924,7.057207109463554,0.0770664169803288,0.98887505140916,0.6641404386757445,-3.432668882392345,90,-0.5294033691374362,-0.0252503563338339,-0.0010654528467368,-0.0263158091805707,-0.0241849034870971,-0.5995867575567921,0.5645377777777777,0.5126999999999999,-0.6010165789781288,53,8,12,13,28,8,0,0,2,12,15,13,60,29.0,35,0,3,33,10
POG077,47.493913784599286,13.600113624665648,0.1272398358180982,0.9999999999997714,0.5860896530588111,-4.132466995491749,90,-0.6383238166506046,-0.0204589824774527,-0.0173654735708998,-0.0378244560483526,-0.0030935089065528,-0.6935988551853024,0.562265555511111,0.4610499999999999,-0.8204085365081768,34,4,7,7,20,0,4,7,3,8,12,12,40,23.0,31,5,9,29,13
POG078,40.62074619309646,3.1609209366894926,0.6043668896817076,0.9507677765513324,0.7607120585681041,-3.59731632397077,90,-0.2544259937586168,-0.0027707403437913,-0.0062074622631217,-0.0089782026069131,0.0034367219193304,-0.2584778740880476,0.7961322222222222,0.76795,-0.1909295526282907,46,0,12,9,25,0,0,0,0,13,16,13,51,12.0,28,0,10,35,7
POG079,41.02847332369847,3.6304581276228367,0.0041151592331357,1.0,0.4581115402949952,-2.679776857192313,90,-0.044168262502111,-0.1295966672902386,-0.012434848043037,-0.1420315153332757,-0.1171618192472016,-0.3681323969220529,0.7629977777777779,0.613,-0.5661415762805403,40,2,12,7,21,0,2,7,3,12,15,12,54,27.0,30,5,8,32,13
POG080,73.45342663033969,3.113833450629625,9.164312100985368e-11,1.0,0.815979270725202,-2.5221489491305973,90,0.0635294392014391,-0.0283544146514026,-0.0268547308383917,-0.0552091454897943,-0.0014996838130108,-0.1052442076655639,0.9944988888888888,0.88545,-0.1908745698532742,44,19,13,11,20,10,9,6,17,10,12,16,39,13.0,29,7,10,25,11
POG081,34.28688904461455,5.317061201320773,0.1785006394805488,1.0,0.4915389004358792,-3.2538392260098807,90,-0.1907901859399745,-0.0599718928389027,-0.045119311684085,-0.1050912045229878,-0.0148525811548177,-0.3006571263692931,0.7799966666666666,0.66555,-0.4827478979340607,33,17,5,5,23,10,7,7,7,11,10,14,42,14.0,31,12,13,37,11
POG082,53.28472774638366,12.190270924620997,1.0149621221142187e-28,0.8692216370691263,0.5104488072156275,-4.027089667344681,90,-0.3931516009488047,-0.0136273309053427,-0.0306519351570164,-0.0442792660623592,0.0170246042516736,-0.4523505134939183,0.7398422222222222,0.6163000000000001,-0.4705864602083204,53,2,8,15,30,0,2,7,2,8,14,14,80,29.0,35,5,6,42,9
POG083,35.48062706115368,2.66976373120616,0.2124251356967362,0.9594466974431832,0.5069228780351452,-2.659945569244418,90,-0.4643029819674889,-0.0717605063684931,-0.0377051177371704,-0.1094656241056636,-0.0340553886313226,-0.6165318572071165,0.587438888888889,0.49875,-0.8016144115260155,49,6,12,13,24,5,1,4,2,9,11,11,67,36.0,30,5,6,31,13
POG084,50.11341827914737,0.4178849565457933,0.0249999999881404,0.9600000000044996,0.5456227343417249,-0.5809540028828475,90,0.1029328718206743,-0.0913030663276986,0.0384145368368531,-0.0528885294908455,-0.1297176031645519,-0.1082625566393723,0.9689844444444444,0.8308500000000001,0.0131555242990486,58,5,17,18,23,5,0,3,0,12,15,13,85,29.0,30,4,8,37,10
POG085,48.019544937301255,7.026583944770957,0.0064565938024139,1.0,0.5364486488586307,-3.342472551250715,90,0.1068095350633738,-0.0308454709123892,-0.0056121505637627,-0.036457621476152,-0.0252333203486264,0.0274294664404526,1.046352222222222,0.98705,-0.0799000557325768,52,9,13,15,24,9,0,0,0,13,14,10,66,28.0,30,0,4,35,14
POG086,49.5705509453421,11.734896938390808,1.4872643882001577e-18,1.0,0.5485844758321128,-3.848861407971939,90,-0.0782616705173968,-0.1112906686279425,-0.0262054614984287,-0.1374961301263713,-0.0850852071295137,-0.3698803287224976,0.7654077777777778,0.6172,-0.6524475693632055,39,0,10,11,18,0,0,0,0,16,16,13,65,24.0,24,0,7,31,9
POG087,48.45931032545812,5.271800377650491,0.1571583181984617,0.9471105617225828,0.582484871153667,-3.2844490795530006,90,-0.0251869727626602,-0.1094714780102628,0.0242497317585663,-0.0852217462516965,-0.1337212097688291,-0.2938897627070214,0.8141444444444444,0.6845000000000001,-0.4202915989216387,41,4,9,9,23,0,4,1,0,7,11,11,40,11.0,30,3,7,42,13
POG088,47.500086608737085,3.4629781273831988,1.5506442625709028e-27,1.0,0.5277786025719597,-2.628423310431057,90,0.432839919738622,-0.2205976944857874,-0.000259279357295,-0.2208569738430825,-0.2203384151284924,-0.1248352863123974,1.0283844444444443,0.7463,-0.3591803179187138,30,5,6,6,18,1,4,0,4,9,14,12,46,14.0,28,4,9,37,9
POG089,64.6858884454246,6.220111602686118,5.675837207827924e-22,0.9928562247068596,0.7124374417919179,-3.2212516244987723,88,0.2392106181287052,-0.0323516164744059,0.009017946261969,-0.0233336702124369,-0.0413695627363749,0.1637903145900295,1.4946465909090911,0.92955,0.1031903573852807,54,4,17,9,28,4,0,1,1,12,15,10,123,31.0,38,0,3,42,12
POG090,55.39592354532973,9.876826604748008,0.3250718256383952,0.8076917634347845,0.620752966816409,-4.405011440783573,78,-0.5264351644955139,-0.0548989214605089,0.0040687908663066,-0.0508301305942022,-0.0589677123268155,-0.6642293370359328,0.6364589743589744,0.50685,-0.7805979358781711,64,14,21,16,27,10,4,5,12,12,15,13,84,35.0,33,9,11,32,11
POG091,53.45073195970684,6.558909674608603,6.4799261235872805e-21,0.9325893341759216,0.5536238078466972,-3.3369090734507663,90,0.3046985767430967,-0.147107605933907,-0.0012739057627234,-0.1483815116966305,-0.1458337001711836,-0.076383935667233,1.0919377777777777,0.7624,-0.4628338198137674,43,14,8,8,27,6,8,0,2,13,16,15,55,16.0,36,5,10,41,11
POG092,45.73356254034956,4.975698578721747,0.1770969431404662,1.0,0.5952541134199438,-3.185777017343687,88,0.2327844201487379,-0.0301862261756561,-0.076400241600482,-0.1065864677761381,0.0462140154248258,0.1513926365210004,1.485721590909091,0.9841,-0.2435959086711979,50,0,13,13,24,0,0,0,0,16,13,5,116,30.0,40,0,3,42,16
POG093,22.57690637499715,1.8818978029211808,1.3530676591885446e-29,0.7796308416919937,0.1955740173876575,-2.267509849641664,86,0.4505432000235762,-0.1093180379397889,0.0011081346434764,-0.1082099032963124,-0.1104261725832653,0.1185686312239042,1.3784779069767443,1.04805,0.2091981955593071,54,4,11,13,30,4,0,5,1,13,15,14,83,22.0,40,2,4,32,14
POG094,66.73136360100077,3.348943268517936,6.4106497472859645e-24,0.9063352105992488,0.6719785587880935,-2.693285266705593,90,-0.2954176366512596,-0.0929483374405052,0.0090651529812053,-0.0838831844592999,-0.1020134904217106,-0.5521079920921724,0.627681111111111,0.5311999999999999,-0.8125306580242019,39,26,13,6,20,7,19,12,12,14,15,16,101,13.0,33,15,14,37,13
POG095,45.93933952707716,6.747776873437862,0.006538102585201,1.0,0.5136115328562064,-3.3020670292708294,90,-0.1031428885563579,-0.1050171172967389,-0.0383697668383685,-0.1433868841351074,-0.0666473504583704,-0.370865938313778,0.7606366666666667,0.60095,-0.6826172122063504,25,1,5,5,15,0,1,0,0,10,14,12,86,10.0,29,0,4,36,12
POG096,43.671255823168366,4.8836913596135245,0.0188624737683033,1.0,0.4949488159763375,-2.991238360593008,89,-0.2033716026899002,-0.0752938443929554,-0.0030982477242622,-0.0783920921172177,-0.0721955966686931,-0.3952439454678134,0.756061797752809,0.601,-0.3864877750951987,52,10,15,11,26,8,2,11,7,13,15,11,89,31.0,32,3,7,32,14
POG097,53.61951890267133,5.448230827391928,3.360989718597181e-22,0.9977026002395076,0.5943309270488131,-3.083885341100004,90,-0.4630648893400407,-0.0671782151004184,0.0377326963977557,-0.0294455187026626,-0.1049109114981741,-0.6051987438130324,0.58708,0.5091,-0.6163276869468947,47,18,11,12,24,7,11,14,12,8,14,11,47,25.0,27,13,10,34,11
POG098,44.313946912387486,7.781711561434901,1.260804272746319e-20,0.9805887358298124,0.4828654891276137,-3.4576728070072003,89,-0.2505598971029919,-0.0287982051434964,-0.0303096346247648,-0.0591078397682613,0.0015114294812683,-0.3206279721555118,0.8589752808988764,0.6187,-0.4683138482938958,43,11,13,8,22,6,5,4,1,14,14,11,93,20.0,31,1,5,35,12
POG099,43.436225320919085,2.838564536532071,0.0292378163719108,1.0,0.4977516536741773,-2.459266600341577,90,-0.0449709293827644,-0.121298209403278,0.0219839925115363,-0.0993142168917416,-0.1432822019148144,-0.3542989433573923,0.8325622222222223,0.62615,-0.2458235222813766,57,4,17,15,25,4,0,1,0,11,16,12,109,30.0,31,0,7,30,12
POG100,48.97695324994206,0.369561915361354,0.2930555554900751,0.9749999996494918,0.664161790608447,-0.7736644583760675,89,0.2064933495995448,-0.0681466339938538,0.0129485630802547,-0.0551980709135991,-0.0810951970741085,0.039976730181653,1.2709123595505618,0.9378,0.0031972723721338,33,10,7,5,21,10,0,2,1,15,15,8,81,38.0,40,0,3,42,10
POG101,48.73485615382329,3.449399628020799,0.375975251872645,0.8102185029557882,0.6111171843373658,-3.4586449716850947,83,0.0360556724510945,-0.0287072008930881,-0.0289501403111304,-0.0576573412042186,0.0002429394180423,-0.0441342876212811,1.5515397590361444,0.6774,-0.1658170365142291,60,12,17,18,25,12,0,0,2,13,15,13,82,34.0,33,0,3,38,12
POG102,49.25214033513775,5.478808665219748,0.0352543143497896,0.985619491538548,0.5553110163355225,-3.138091012796349,90,-0.1298439568827096,-0.1286965528623192,0.0045354487137591,-0.12416110414856,-0.1332320015760783,-0.4529321836277819,0.7161799999999999,0.5602,-0.6553040952035141,35,10,5,10,20,6,4,2,0,13,16,9,46,14.0,28,1,5,33,11
POG103,61.961040409785774,4.957980678876879,0.0095940232027505,0.966009383861308,0.6678600868813211,-3.031855880378732,90,0.2792711838697643,-0.0810087705251429,0.0458686183289217,-0.0351401521962212,-0.1268773888540647,0.1286290140091787,1.2439844444444446,1.08025,0.0436939805523485,45,5,10,11,24,3,2,4,2,12,15,13,74,22.0,34,2,9,34,13
POG104,44.1314470167475,16.72974882999437,5.557687601066392e-17,1.0,0.4915769715731976,-4.203482862855559,89,-0.0315451509131336,-0.0057576539135423,-0.0112142013772064,-0.0169718552907487,0.0054565474636641,-0.0449759666259841,1.1484898876404497,0.9026,-0.3132906503555744,58,17,14,14,30,10,7,2,8,14,15,14,82,19.0,34,9,14,39,12
POG105,44.036443918247166,8.441633418323399,0.0689548127779224,1.0,0.5246057132217189,-3.590917650640935,90,0.4880620894242147,-0.1050256585686428,-0.0339565468038428,-0.1389822053724857,-0.0710691117647999,0.2265532866002984,1.4611688888888883,1.10465,0.1525272004387776,61,14,17,15,29,8,6,0,10,12,16,15,77,34.0,34,11,14,36,11
POG106,52.15955321219464,3.2552718304811648,0.0347967699700494,1.0,0.5941805641255036,-2.601986743711215,90,0.2457133665602356,-0.0804438939310834,-0.0178058107948497,-0.0982497047259331,-0.0626380831362337,0.0236283049899455,1.172648888888889,1.06155,-0.0912671372288396,32,1,6,6,20,1,0,3,3,7,12,12,53,20.0,29,6,9,38,13
POG107,47.4317217058102,7.191980041264713,4.9010110448872394e-23,0.9783477108838646,0.51550487385237,-3.381151022688284,90,0.0862076802960377,-0.1560317884365321,-0.0072829865624996,-0.1633147749990317,-0.1487488018740324,-0.3120107269894199,0.8679033333333334,0.6366499999999999,-0.5968531287336889,42,7,11,9,22,0,7,1,7,10,12,10,44,22.0,29,6,9,27,8
POG108,51.25936606982004,2.8378756234869407,0.0780402807472422,0.8701903248953619,0.529208130501008,-2.6623545689166304,90,0.598700847560141,-0.1242383706516605,0.0424868718477867,-0.0817514988038737,-0.1667252424994473,0.3075886851994244,1.620542222222222,1.20865,0.2450776411048681,41,3,6,9,26,3,0,0,1,11,16,10,72,20.0,34,1,5,37,11
POG109,39.91227805779367,0.3931366212868164,3.704574318450188e-08,0.999994358063916,0.4434672747867642,-0.4527019494554021,90,-0.2022177419081091,-0.0843904122692809,-0.0056952969632525,-0.0900857092325334,-0.0786951153060284,-0.4125562376016919,0.7351266666666667,0.58355,-0.5506594219368948,24,8,5,5,14,3,5,1,4,11,13,15,40,8.0,30,6,11,40,10
POG110,60.21547433303888,0.4438122636468361,0.0703703703275951,0.9259259259527812,0.6427890769968975,-0.7299449739232781,90,-0.1441256015145855,-0.0195959571631437,-0.0276815729236817,-0.0472775300868254,0.008085615760538,-0.2380921169889741,0.8434111111111112,0.73865,-0.351790858378427,45,25,12,9,24,15,10,8,0,13,16,16,65,8.0,26,4,15,41,7
POG111,49.22408362253042,8.521142824333209,0.1123557383824783,0.9582456063421512,0.574583575302338,-3.6962109348440495,90,0.8657380973562927,-0.1795143159119639,-0.0569022958383487,-0.2364166117503127,-0.1226120200736152,0.3911465567827365,1.718178888888889,1.53085,-0.2825816425539383,32,11,8,6,18,3,8,7,14,12,13,16,45,12.0,22,14,12,31,9
POG112,35.56125309649958,0.1483399036361985,0.0351851852248269,0.9722222211341344,0.405431976277765,0.4569221596940945,88,0.2187568620348425,-0.1647749462374722,-0.0352696977299284,-0.2000446439674007,-0.1295052485075437,-0.1828923196168244,1.1181011363636364,0.6791499999999999,-0.3081047452462365,56,11,15,15,26,6,5,9,8,16,15,13,49,24.0,33,7,9,31,13
POG113,62.15064253974956,9.303056356054288,1.2790239147947874e-15,1.0,0.6856383314300655,-3.616637347724608,90,0.7705492806988844,-0.194669240206839,0.06177313575971,-0.1328961044471289,-0.256442375966549,0.3313951984706258,1.5809666666666666,1.36,0.0967612902493855,49,10,12,13,24,3,7,6,10,10,13,14,114,14.0,28,7,7,33,11
POG114,43.41292764026507,2.7820931623966816,0.0249306837195025,0.9999999999997656,0.4952708390582742,-2.434744658512696,90,-0.1500205859423961,-0.0968911258511075,0.0111325747642575,-0.08575855108685,-0.108023700615365,-0.3964084255508007,0.7078444444444445,0.637,-0.4909185078171105,21,0,6,5,10,0,0,0,0,8,8,4,54,8.0,37,0,3,35,12
POG115,48.37958260342187,2.69882838341534,1.4396747689240425e-19,0.9361574314241516,0.5032322813088658,-2.445083728567943,90,0.4559587321348964,-0.0987844658342747,0.0324115743467331,-0.0663728914875415,-0.1311960401810079,0.2173571362463803,1.452677777777778,1.094,0.227948277630339,53,5,14,15,24,5,0,1,0,11,15,6,92,40.0,39,0,3,30,13
POG116,45.21514393124616,2.526462617893408,0.1273447047745845,0.9717308596314892,0.5515562772047614,-2.482259870324827,90,0.2414068471523233,-0.1470667916733222,-0.0146126864643683,-0.1616794781376905,-0.1324541052089539,-0.1307569764857303,0.964362222222222,0.7685500000000001,-0.3906365284972978,40,4,14,6,20,1,3,0,0,7,13,12,46,14.0,34,0,4,38,12
POG117,53.88550303506919,5.094153063264679,0.0194950455390608,0.9425683287515771,0.5721224709035612,-3.0944344358486218,90,-0.153475476483979,-0.0957084600075817,-0.0192063180157927,-0.1149147780233745,-0.076502141991789,-0.4176967669484277,0.7177222222222223,0.6009,-0.7604894820145662,76,6,23,23,30,6,0,0,0,16,16,5,124,49.0,40,0,3,40,12
POG118,37.5347328634912,11.0489352743721,0.0200363924137153,0.9202639785899576,0.3981634805217661,-3.8937361032765327,89,-0.2333314704835778,0.04150463914734,0.0219765507767641,0.0634811899241041,0.0195280883705759,-0.1415080812499982,1.0318505617977527,0.8163,0.0944222136178131,46,10,7,13,26,2,8,11,7,12,13,12,50,20.0,26,15,11,29,12
POG119,41.32265485034853,6.832616699687232,2.209627876407184e-23,1.0,0.4592586746784458,-3.3080020798800605,90,0.3877375860589415,-0.1611572960791968,-0.0033107194046667,-0.1644680154838635,-0.1578465766745301,-0.0181402835183977,1.1919344444444444,0.8269,-0.0674708068253735,30,8,5,5,20,2,6,5,8,10,14,15,46,12.0,28,15,10,33,7
POG120,48.24470707653615,5.667813268551078,2.5862971290430743e-20,1.0,0.5360251895572867,-3.1210977375487285,90,0.0192941470518682,-0.1018527643833166,-0.0082878958555516,-0.1101406602388683,-0.093564868527765,-0.2403192792580324,0.8823855555555555,0.6634,-0.4885374787315475,38,17,15,6,17,9,8,10,8,10,14,15,52,18.0,29,9,12,27,11
POG121,43.63168610208741,7.515369785992563,3.9626576745282375e-16,1.0,0.484873042308484,-3.40324458950047,90,-0.2122499618863836,-0.0972307831715656,0.0010309866416481,-0.0961997965299174,-0.0982617698132138,-0.4583675462232687,0.7499533333333332,0.56325,-0.4100259697061256,29,1,5,5,19,0,1,0,2,7,12,14,44,13.0,28,0,4,36,11
POG122,46.69200039224303,7.518436334151059,9.622431491533612e-17,1.0,0.5187048654640538,-3.403652543171885,89,-0.1678284504997428,-0.0814140403140742,0.0105496353768501,-0.0708644049372241,-0.0919636756909244,-0.3740833010914105,0.7967685393258426,0.6234,-0.3056992855974314,56,14,14,14,28,8,6,10,11,12,15,15,71,17.0,30,16,9,38,9
POG123,41.64604881668258,4.595245829253654,0.0292932856990087,1.0,0.4784765752893466,-2.94104751610973,90,-0.2930927253843695,-0.0921598123577131,-0.0202398905753553,-0.1123997029330685,-0.0719199217823577,-0.519563226640932,0.6183299999999999,0.5629500000000001,-0.7182302822394498,50,3,10,11,29,2,1,2,1,12,15,7,52,20.0,37,1,4,32,10
POG124,55.60844225652684,8.449040256586148,9.53293906296538e-17,0.9881124362692072,0.6090849861828249,-3.532306002753451,90,-0.2506900380221182,-0.0920754075865611,0.0280635076216223,-0.0640118999649387,-0.1201389152081834,-0.4654280671237915,0.6616077777777777,0.59435,-0.5669590134187715,49,12,14,10,25,7,5,7,2,12,14,16,65,17.0,29,6,12,41,11
POG125,42.49991338038209,3.4629781131835307,2.2546265630209365e-18,1.0,0.4722213973071357,-2.6284233063306366,90,0.0447846430870477,-0.1528806733841753,0.0078382617884354,-0.1450424115957398,-0.1607189351726107,-0.3432749624687078,0.8050011111111111,0.6386499999999999,-0.3880693596086216,36,7,5,5,26,0,7,2,8,8,16,14,44,18.0,31,6,5,42,11
POG126,49.72386362286368,0.3627988465645464,0.0312499999998876,0.9800000000003074,0.5554223956911408,-0.4249975713857412,90,-0.3326978148102615,-0.0825126238534251,0.0136214450822759,-0.0688911787711492,-0.0961340689357011,-0.5355559869710005,0.6806122221444444,0.522,-0.5482487425760628,39,9,8,8,23,3,6,12,4,8,12,15,57,13.0,27,10,12,32,10
POG127,64.17504647296329,24.11238517997947,4.2488131869183504e-24,0.7631567792217038,0.4977325171325933,-4.839311768944505,88,-0.5505384985122954,-0.0270922203410063,0.0012240540549626,-0.0258681662860436,-0.0283162743959689,-0.6252367402499236,0.576121590909091,0.56255,-0.669544400217148,55,16,14,14,27,5,11,9,11,14,15,13,79,10.0,27,8,13,16,13
POG128,48.393463672151135,5.878470207053528,2.6764964878722456e-19,1.0,0.5376674371454985,-3.1575909203121872,90,0.0324018265169622,-0.0646183763435785,-0.0331940560718161,-0.0978124324153946,-0.0314243202717623,-0.144524923081457,0.9889066666666668,0.8715999999999999,-0.3643793685330486,19,23,5,5,9,5,18,11,20,12,13,15,47,7.0,29,17,15,14,11
POG129,58.021704549980285,4.257327883454249,0.016683812834542,1.0,0.6505882308415619,-2.851760622437128,90,0.240020564993189,-0.115229775455636,0.0433309746475092,-0.0718988008081268,-0.1585607501031453,-0.0153659323554663,1.130841111111111,0.87185,0.0146206311347782,72,11,22,20,30,8,3,6,4,16,15,16,79,20.0,36,5,15,37,8
POG130,57.04857822922172,6.539164490784104,0.0284787781860803,0.9986383828708436,0.6429930260447427,-3.2943984448330146,90,0.293378578297757,-0.1054410810245593,-0.0163802585718556,-0.121821339596415,-0.0890608224527037,-0.0047877476214538,1.2125988888888888,0.93455,-0.2670785655175111,55,5,14,14,27,5,0,2,0,14,15,7,99,19.0,37,0,4,41,12
POG131,53.22306920000237,6.612954396157545,0.0712793968464737,1.0,0.6202545389126466,-3.3492722092052736,90,0.0391576819167901,-0.054018399121749,0.0013801011427767,-0.0526382979789723,-0.0553985002645258,-0.1009619299320368,0.9774,0.825,-0.200493612399698,24,9,5,5,14,0,9,2,5,12,15,15,34,7.0,18,10,14,34,12
POG132,46.76980902163912,8.061436763881455,0.0476357498337822,1.0,0.5424040900543163,-3.5221938619470308,90,-0.4000293153479279,-0.0801380679180368,-0.0487507754046786,-0.1288888433227155,-0.0313872925133582,-0.6091918334333277,0.6211622223333334,0.47445,-0.9449881415255652,36,1,7,7,22,1,0,1,0,13,12,7,54,15.0,30,0,3,35,9
POG133,43.867385992431394,11.202792260982932,1.5908243195818987e-25,1.0,0.4878613875460896,-3.802457417364944,90,0.2498228258314535,-0.1171767928613761,-0.011881058531826,-0.1290578513932022,-0.10529573432955,-0.0454462616551777,1.0055133333333337,0.8736999999999999,-0.2086525332307769,26,1,6,5,15,0,1,0,0,7,14,13,57,20.0,30,0,4,38,9
POG134,58.19557506001762,3.5404889950764007,1.1143002231256558e-24,0.9790374544538536,0.6330579204168536,-2.671744592242632,90,-0.2657995347968059,-0.069478263232205,-0.0058041051933508,-0.0752823684255559,-0.0636741580388541,-0.4631535780777244,0.6758911111111112,0.56565,-0.6350782939334161,38,2,5,9,24,2,0,0,0,11,12,12,59,13.0,36,2,6,30,11
POG135,40.65659607866221,0.4907779435671155,0.0499999993573232,0.968750000250398,0.4650360847304374,-0.7592720816904218,88,0.1261881759588151,-0.0890247093923986,-0.0316351712550796,-0.1206598806474782,-0.057389538137319,-0.0866797425336854,1.0774715908181818,0.8604,-0.2446532125984817,48,4,11,14,23,1,3,2,5,11,15,14,58,12.0,31,3,8,39,14
POG136,40.60764448154092,0.3000806785907312,0.0472222222222173,0.999990701103835,0.477107596262698,-0.2309737933811396,90,-0.2415765910398843,-0.1001279199375597,-0.013230991425916,-0.1133589113634757,-0.0868969285116436,-0.4898117499349856,0.6579622222222223,0.5804,-0.543328702204105,51,2,13,15,23,2,0,0,0,10,13,11,71,28.0,32,0,6,32,10
POG137,41.801441565847774,6.3983362727212025,0.0059572664364062,1.0,0.46771571243032,-3.248307442040428,90,0.5240406841233802,-0.109755319410704,0.0365439943263585,-0.0732113250843455,-0.1462993137370625,0.2319007566245306,1.5147400000000002,1.1253,0.2635365366161886,38,7,7,7,24,1,6,0,4,10,14,11,50,27.0,32,2,9,35,11
POG138,46.3390688393468,4.557716490960329,4.87707461725248e-23,1.0,0.5148769871718456,-2.9031160896930075,90,-0.2887708186105904,-0.0626661812873381,-0.045599812247285,-0.1082659935346231,-0.017066369040053,-0.4514181386921352,0.7183511111111112,0.5619000000000001,-0.724554828221136,25,12,5,8,12,0,12,0,3,4,11,15,40,11.0,27,0,12,36,8
POG139,48.774651772080766,5.848772208964232,0.0847116548517937,1.0,0.5807061098421359,-3.241042253567026,90,0.0098488059918303,-0.0382847149646269,-0.0289140342254713,-0.0671987491900982,-0.0093706807391555,-0.0964469748563995,1.0167511111111112,0.867,-0.3537283295984006,33,12,7,5,21,1,11,9,15,12,15,15,59,7.0,24,13,14,27,10
POG140,61.67527527233443,5.891698672983855,8.674352415352273e-20,0.9683054281773372,0.6630473067267414,-3.1920464331886778,88,0.7489022602324635,-0.0555623853064923,0.0309709395479144,-0.0245914457585778,-0.0865333248544067,0.6446465679989333,2.136584090909091,1.72285,0.7013070986005063,32,16,8,6,18,0,16,2,16,8,13,13,48,19.0,26,9,10,20,8
POG141,45.52569667922008,6.169276920682818,0.0022387676160272,1.0,0.5069394570549394,-3.2081172768143595,87,0.1325381294635386,-0.0757187153169078,0.0013475720716357,-0.074371143245272,-0.0770662873885436,-0.0585115237519892,1.109006896551724,0.8425,-0.0050096521104276,46,3,16,10,20,0,3,0,0,9,12,11,38,27.0,28,3,4,30,8
POG142,30.06201699618461,6.947813376169745,2.7300675529802284e-18,1.0,0.3350216507538397,-3.3247213490588146,90,-0.0893928977930616,-0.031494814211147,0.0162262385422021,-0.0152685756689448,-0.0477210527533491,-0.2014450394067538,0.8704711111111111,0.856,-0.1509657176572321,35,11,6,5,24,3,8,4,16,12,16,15,53,7.0,25,7,9,27,12
POG143,56.560286814323376,0.1941467125052147,3.0671644653755865e-05,0.9629629629617424,0.6051831891965218,0.2150746147703286,90,0.2594561505446136,-0.1267909748535038,-0.0244435449951961,-0.1512345198487,-0.1023474298583076,-0.1022972148632177,1.0566733333333334,0.7202,-0.4691169978390007,32,5,5,6,21,5,0,3,0,16,15,12,58,22.0,36,0,4,35,12
POG144,55.381331097673424,5.526119278588169,0.0929920580688684,0.9603276380698264,0.6266065167743388,-3.238109490631021,90,0.1473064451173583,-0.1186131000884549,-0.0112468316509869,-0.1298599317394418,-0.107366268437468,-0.17438549182208,0.919257777777778,0.8068500000000001,-0.402178681195032,42,13,14,13,15,5,8,2,14,10,13,11,39,12.0,26,8,8,22,10
POG145,23.951297836626296,3.62431870337254,0.1485047657540641,0.9541920942119856,0.3629624711404157,-2.890020229558381,90,-0.3231055609995401,0.0453373922327097,0.0208514202760271,0.0661888125087368,0.0244859719566825,-0.2326881103893325,0.8751077777777777,0.74495,-0.1530411454638023,36,0,5,7,24,0,0,1,4,13,15,8,54,22.0,32,1,7,38,14
POG146,40.62020241444477,3.188789294464644,0.0362385275936596,1.0,0.4712184668570742,-2.582847124612424,90,-0.3799241708828282,-0.1037282244964108,-0.0188424091125115,-0.1225706336089223,-0.0848858153838993,-0.6342776114912486,0.5803777777777778,0.4945,-0.789866853395074,54,23,17,17,20,10,13,15,13,11,12,12,40,25.0,21,14,11,28,12
POG147,51.12145076048298,4.799805071186163,9.72545197500034e-20,0.978982426465322,0.5560631899406293,-2.9761112551473845,90,-0.379542194799208,-0.0297450244242235,0.0215929107968985,-0.0081521136273249,-0.0513379352211221,-0.4417903575604681,0.7260155555555556,0.5839,-0.4187244301482831,62,8,16,18,28,7,1,1,1,16,16,13,71,30.0,39,4,3,42,12
POG148,61.84607730636611,4.37020389747236,7.73413872737081e-23,0.9772366572237428,0.6714606610181095,-2.884130455392593,89,-0.2982309020717897,-0.0844293115004764,0.0070137280232591,-0.0774155834772173,-0.0914430395237355,-0.5197831093378438,0.6328460674157304,0.5838,-0.7641985479507744,45,8,7,8,30,6,2,1,6,12,14,13,87,32.0,35,1,4,39,12
POG149,34.79566382672424,3.6868304580162974,0.36160008422324,0.8538132406262141,0.5519003897987804,-3.399904907184161,87,-0.3436147374101758,0.0003730575125521,-0.0267716484301402,-0.026398590917588,0.0271447059426924,-0.3135963819764884,0.8891390804597704,0.67,-0.2109408162280289,51,14,16,12,23,11,3,4,0,14,16,10,70,24.0,40,0,3,33,11
POG150,42.77600179183936,2.7408183681654483,0.1674273645332806,0.9999999999999812,0.563139907332649,-2.5777857225621843,87,0.2440575916876169,-0.0453353221904437,-0.0260476058476953,-0.071382928038139,-0.0192877163427484,0.137966681826985,1.2771091954022995,1.0923,0.0748955453535007,40,5,8,7,25,1,4,2,7,7,13,11,47,8.0,31,2,7,31,8
POG151,49.21951323773612,0.3805404499716235,9.11920629420405e-06,0.975000000005866,0.5332155254750334,-0.4454587222589388,90,0.2310770120539169,-0.122158362673499,0.0170215818863262,-0.1051367807871727,-0.1391799445598252,-0.0708196339522366,1.1168266667777778,0.80615,-0.2586928239685798,59,2,16,15,28,2,0,0,0,16,16,6,90,37.0,40,0,3,42,12
POG152,32.29148106325339,8.66985225937735,4.12363547716724e-05,1.0,0.3609930722925063,-3.546187348531259,90,0.1202443989171194,-0.1357143628654206,-0.0227671482192929,-0.1584815110847135,-0.1129472146461276,-0.2127339247786671,1.0194622222222225,0.6739999999999999,-0.2690655109258886,59,13,16,17,26,13,0,0,0,15,16,10,101,37.0,40,0,3,42,13
POG153,37.89917351955409,1.5508997696065867,0.0220716763241697,1.0,0.4338791788654358,-1.8474485204565811,90,-0.160842730531185,-0.0718698121234366,-0.0109650858704542,-0.0828348979938908,-0.0609047262529823,-0.3374997833494527,0.7688022222222222,0.67015,-0.4368906715665838,49,5,13,11,25,2,3,3,3,11,15,14,47,22.0,32,3,8,36,11
POG154,43.250449539652045,2.0849650202842924,0.0859737794462541,0.9197195355734072,0.4866390989536047,-2.30287321125548,90,-0.3169243469613301,-0.033803851386812,0.008367361710371,-0.0254364896764409,-0.042171213097183,-0.4035213742323423,0.7512399999999998,0.6107,-0.5789382688878695,50,8,11,12,27,8,0,0,0,14,16,11,61,28.0,34,0,3,36,12
POG155,62.62093209596108,5.855859651838032,3.92336390966452e-21,1.0,0.695185941631792,-3.1537371709339856,86,0.5447774281690916,-0.1698812985820723,0.028689302620142,-0.1411919959619303,-0.1985706012022144,0.1062830635165352,1.3851627906976745,0.93475,-0.3242754491259494,35,3,7,5,23,3,0,1,1,13,14,9,78,40.0,37,0,3,41,8
POG156,45.64768824946052,3.533106432276524,2.651037928078096e-18,0.9504784507918128,0.4820793374182784,-2.699261642982909,90,0.4456364027456744,-0.1580316947983066,0.0185614477332579,-0.1394702470650487,-0.1765931425315645,0.0470891428220608,1.162817777777778,0.8992,-0.0448978738905869,62,12,19,16,27,8,4,2,2,9,14,15,68,23.0,34,1,7,36,11
POG157,43.75722825774029,2.9823244878336386,7.918990628632408e-11,0.9999999996171328,0.4861914328964575,-2.478997387508755,89,0.4851677907276159,-0.1680766405433975,0.0115109796682149,-0.1565656608751825,-0.1795876202116125,0.0553892381929385,1.2393438202247191,0.9301,-0.1802119910657909,41,14,9,9,23,7,7,4,7,6,14,9,57,27.0,31,1,5,40,8
POG158,49.379797584982605,3.1887892369787,4.25960990337545e-18,0.963761471927032,0.5287815328738373,-2.58284710708224,90,0.072196122174622,-0.1324816297310073,0.0168501867966275,-0.1156314429343797,-0.1493318165276349,-0.2555034346533859,0.84209,0.6978,-0.5612934791001832,44,9,11,5,28,2,7,6,13,11,13,11,44,20.0,37,9,8,34,17
POG159,41.9789298966397,6.9658070530578335,0.0182722607250823,1.0,0.4762882406735966,-3.345749094612646,90,0.7159398258053387,-0.1505779433605855,-0.0578657353463949,-0.2084436787069805,-0.0927122080141906,0.3535182540071745,1.5918822222222222,1.34845,0.0214283634253411,37,11,11,6,20,4,7,5,5,14,15,14,52,20.0,30,4,7,30,11
POG160,44.99999999348783,5.3950560454908025,1.1461210551019064e-27,1.0,0.4999999999276771,-3.071777348189524,90,0.139320263323134,-0.1115781580571478,-0.0889461984812022,-0.20052435653835,-0.0226319595759455,-0.1393912393217228,0.9939533333333332,0.8565499999999999,-0.588427792398923,27,3,5,5,17,2,1,1,1,7,16,7,34,16.0,34,7,11,42,14
POG161,48.43524360847631,2.072571095327203,0.0236518908266058,1.0,0.5490925409452994,-2.139020359622769,89,0.1145289533532932,-0.1426973953779141,-0.0264018271333058,-0.1690992225112199,-0.1162955682446082,-0.2577118525161668,0.8723213483146067,0.6658,-0.5676531632902407,27,0,7,5,15,0,0,3,5,11,14,9,47,8.0,35,1,3,31,11
POG162,55.77386504311882,6.88787050998333,7.190910321084972e-31,1.0,0.619202849525979,-3.316056328704982,90,0.0327242604757883,-0.0818328049497205,-0.0114657689163151,-0.0932985738660357,-0.0703670360334053,-0.1939195838043035,0.8770922222222222,0.7713,-0.4392769521212047,58,10,17,13,28,9,1,1,1,16,16,10,108,29.0,40,1,4,42,11
POG163,30.000000000095547,0.2110761586921565,1.9752770626258887e-10,0.9999999999999996,0.3333333334660801,0.1692419076434377,90,0.0066084011224355,-0.125614469130889,-0.0330996908048254,-0.1587141599357145,-0.0925147783260635,-0.2843722266929329,0.8125700000000001,0.661,-0.4074681476536512,28,8,6,6,16,1,7,4,6,8,9,15,38,7.0,20,7,12,9,7
