participant_id,distance,n_valid_rt,mean_log_rt,median_rt
POG001,0,9,-0.6258716324553417,0.5745
POG001,10,10,-0.25872600568244486,0.68945
POG001,20,8,-0.2689154559846417,0.6217
POG001,30,8,-0.26113842350366423,0.65195
POG001,40,9,0.0677213390730334,1.1814
POG001,50,9,-0.2702586635297312,0.7328
POG001,60,10,-0.42547458542903877,0.5709
POG001,70,8,-0.3137190889189802,0.653
POG001,80,9,-0.3270138832616934,0.6678
POG001,90,10,-0.3000712797969024,0.6555
POG002,0,10,-0.12192761277148256,0.84825
POG002,10,9,-0.1860028450007064,1.0195
POG002,20,8,-0.037145761066785785,0.9117500000000001
POG002,30,10,-0.17942791278887116,0.87785
POG002,40,9,-0.09642317187727374,0.7981
POG002,50,9,0.16747035989161888,1.1951
POG002,60,8,-0.007533950171258831,0.9956
POG002,70,8,-0.4030630953907052,0.6357999999999999
POG002,80,10,-0.2360856352174328,0.76745
POG002,90,9,-0.34065142710749885,0.6582
POG003,0,10,-0.35399300315463,0.69055
POG003,10,9,-0.47650514062780996,0.5998
POG003,20,8,-0.4207457313878802,0.55565
POG003,30,10,-0.5531697134296117,0.52835
POG003,40,9,-0.11866071217469644,0.8205
POG003,50,9,0.23361843939826382,0.973
POG003,60,8,-0.27763805949307957,0.5479499999999999
POG003,70,8,-0.7369665143412492,0.45099999999999996
POG003,80,10,-0.41738203935326473,0.55955
POG003,90,9,-0.4828878259747079,0.6596
POG004,0,10,-0.7173021748143962,0.47929999999999995
POG004,10,9,-0.7354186666550688,0.4741
POG004,20,8,-0.6039865799251676,0.47095
POG004,30,10,-0.25299916386799626,0.79385
POG004,40,9,-0.17364458551976245,0.7287
POG004,50,9,-0.20622824781887086,0.815
POG004,60,8,-0.5067960922664272,0.59195
POG004,70,8,-0.6229476930528466,0.5361
POG004,80,10,-0.6200731525033727,0.5263
POG004,90,9,-0.5900343884375541,0.5337
POG005,0,9,-0.6823220990130592,0.495
POG005,10,10,-0.6758798319684779,0.5013000000000001
POG005,20,8,-0.5395487756201224,0.5433
POG005,30,8,-0.5581373831299872,0.59405
POG005,40,9,-0.20932811893623057,0.7874
POG005,50,9,0.4748968663284711,1.8008
POG005,60,10,-0.45925683451841365,0.6389
POG005,70,8,-0.22001578859329612,0.7442
POG005,80,9,-0.3477641129950457,0.7809
POG005,90,10,-0.46148255900999413,0.5717
POG006,0,10,0.049685414734740044,0.9499
POG006,10,9,-0.004013108753776198,0.9203
POG006,20,8,-0.11682891260799624,0.8663000000000001
POG006,30,10,-0.20775023724863587,0.86165
POG006,40,9,0.049208348984550926,1.0689
POG006,50,9,0.1692784724533876,1.0734
POG006,60,8,-0.13770711479062422,0.8763000000000001
POG006,70,8,0.20267316135488458,1.1651
POG006,80,10,-0.07204479056060506,0.95175
POG006,90,9,-0.09530965003980271,0.9266
POG007,0,10,0.2615999463504416,1.1978
POG007,10,9,0.2434209915641071,1.2128
POG007,20,8,0.11136307551129311,0.9841500000000001
POG007,30,10,0.29633558352180467,1.2382
POG007,40,9,0.76329870207026,1.8433
POG007,50,9,0.7959013055606253,2.5506
POG007,60,8,0.15838331585135984,0.9161
POG007,70,8,0.0013269666257915494,0.86625
POG007,80,10,-0.10478810462809544,0.75135
POG007,90,9,0.04487632618942773,0.9046
POG008,0,9,0.06895700369476229,0.9891
POG008,10,10,0.044634021427964354,0.94495
POG008,20,8,0.0985801279936788,1.00565
POG008,30,8,-0.04519596460170168,0.9761
POG008,40,9,0.4585276802508777,1.3626
POG008,50,9,0.05430359759296267,1.0168
POG008,60,10,0.08169249267468401,1.00385
POG008,70,8,0.052059159285484,1.12635
POG008,80,9,0.2332735188844308,1.001
POG008,90,10,-0.027848715256887507,0.9635499999999999
POG009,0,9,-0.08822423881686497,0.8376
POG009,10,10,-0.22674345001035157,0.75865
POG009,20,8,-0.0991307629003411,0.9188000000000001
POG009,30,8,0.22479802898958157,1.2539500000000001
POG009,40,9,0.5559684991517433,1.6984
POG009,50,9,0.5013999019736965,1.3522
POG009,60,10,0.32794765124061404,1.385
POG009,70,8,0.08677106664566392,1.05395
POG009,80,9,-0.03682450285089976,0.8757
POG009,90,10,0.033334081914118616,0.9854999999999999
POG010,0,9,-0.039936272197320724,0.9594
POG010,10,10,0.02713230149153583,0.99005
POG010,20,8,0.17301896230449393,0.9589
POG010,30,8,0.20413995948885494,1.1858
POG010,40,9,0.2563294144299446,1.005
POG010,50,9,0.1907693402054155,0.979
POG010,60,10,0.18620707973361345,0.9804999999999999
POG010,70,8,0.031478259773874466,0.9856
POG010,80,9,0.028934081904843017,0.9719
POG010,90,10,0.05563594682293033,0.9719
POG011,0,10,-0.6027055162251178,0.55125
POG011,10,9,-0.8099684705099109,0.417400001
POG011,20,8,-0.709142719515714,0.5085000005
POG011,30,10,-0.7970391063691079,0.46775
POG011,40,9,-0.6548881690793732,0.4525
POG011,50,9,-0.08709272244427502,0.7057
POG011,60,8,-0.5383843851974753,0.5397000000000001
POG011,70,8,-0.7080761914284234,0.47525
POG011,80,10,-0.6343227134618002,0.4731000005
POG011,90,9,-0.7423968111455778,0.4585
POG012,0,10,0.2567325805594466,1.08415
POG012,10,9,-0.11592290961671788,0.8834
POG012,20,8,-0.06786465490283672,0.88015
POG012,30,10,0.01347982771517071,0.8725
POG012,40,9,0.4080327083181042,1.6179
POG012,50,9,0.6422041308375608,1.819
POG012,60,8,-0.19564256982333905,0.7559
POG012,70,8,0.11879152700177883,1.0433000000000001
POG012,80,10,-0.03098376507719981,0.7321
POG012,90,8,-0.3482876978608219,0.6764
POG013,0,10,-0.6355602955052309,0.53705
POG013,10,9,-0.599487884199449,0.6253
POG013,20,8,-0.4873984358784517,0.61495
POG013,30,10,-0.5672592207185666,0.56305
POG013,40,9,-0.2951215026587133,0.6807
POG013,50,9,-0.041177028857131856,0.8473
POG013,60,8,-0.1292514072013045,0.8167
POG013,70,8,-0.21316163772765312,0.8064
POG013,80,10,-0.2831003275988343,0.77355
POG013,90,9,-0.17651395544688953,0.8343
POG014,0,9,-0.4200653502058649,0.6028
POG014,10,10,-0.4681877294934041,0.56245
POG014,20,8,-0.14834730244833136,0.89705
POG014,30,8,-0.32178584703272883,0.7068
POG014,40,9,-0.03253865703863604,0.9252
POG014,50,9,-0.11862981626671965,0.8237
POG014,60,10,0.016386200978171377,1.01205
POG014,70,8,-0.3446600616698556,0.72585
POG014,80,9,-0.43844127568974783,0.6332
POG014,90,10,-0.3847071748879768,0.6595
POG015,0,9,-0.402158145146602,0.6497
POG015,10,10,-0.49792707653830925,0.59615
POG015,20,8,-0.4410241739718389,0.62845
POG015,30,8,-0.3147322693691139,0.7799
POG015,40,9,0.13797205418628883,1.0507
POG015,50,9,-0.09753153788515584,0.8859
POG015,60,10,-0.3106491601916891,0.75145
POG015,70,8,-0.26800188236024325,0.7254499999999999
POG015,80,9,-0.49363340790335997,0.5948
POG015,90,10,-0.27365733159452355,0.742
POG016,0,10,-0.840890480025465,0.40665
POG016,10,9,-0.7082699210063487,0.4724
POG016,20,8,-0.7348169212788482,0.4767
POG016,30,10,-0.7242749166169254,0.4252
POG016,40,9,-0.7496772972652291,0.4535
POG016,50,9,-0.3188668002371958,0.6162
POG016,60,8,-0.5628620204710665,0.5661499999999999
POG016,70,8,-0.5345194636588951,0.5546
POG016,80,10,-0.6396812302809199,0.47950000000000004
POG016,90,9,-0.8014312543595138,0.4439
POG017,0,9,-0.43435739829187797,0.582
POG017,10,10,-0.39881233698664403,0.593
POG017,20,8,-0.3655662753672922,0.6755
POG017,30,8,-0.3837458792795474,0.664
POG017,40,9,0.20998876169928493,0.968
POG017,50,9,0.5419899689940133,1.731
POG017,60,10,0.48055733740868983,1.49
POG017,70,8,0.20761856004195361,1.298
POG017,80,9,-0.2930809622506249,0.799
POG017,90,10,-0.19619278803788898,0.7925
POG018,0,10,0.17850004456008653,1.346
POG018,10,9,0.14600467411590745,1.336
POG018,20,8,0.390868270943843,1.428
POG018,30,10,0.29974430447450306,1.426
POG018,40,8,0.5103640386533379,1.7240000000000002
POG018,50,9,1.0066362644882052,2.549
POG018,60,8,0.7219882286222681,1.887
POG018,70,8,0.32304706355131063,1.4255
POG018,80,10,0.2683301554709138,1.271
POG018,90,9,-0.13819551646170897,0.762
POG019,0,9,-0.6290107234385952,0.531
POG019,10,10,-0.6178031108191415,0.5309999999999999
POG019,20,8,-0.6333064265558768,0.55335
POG019,30,8,-0.6242066175055841,0.5302
POG019,40,9,-0.11594383907811118,0.8294
POG019,50,9,-0.3539207464696984,0.6953
POG019,60,10,-0.3579334495508821,0.7492
POG019,70,8,-0.6819925418447423,0.53035
POG019,80,9,-0.5557301837141426,0.6176
POG019,90,10,-0.4957886907366372,0.6183
POG020,0,9,-0.14179804178849878,0.8639
POG020,10,10,-0.0819539393341793,0.8647499999999999
POG020,20,8,0.06882482251980769,1.1398000000000001
POG020,30,8,0.2845042650569215,1.147
POG020,40,9,0.2035440861628216,1.1489
POG020,50,9,0.49938391655789605,1.4335
POG020,60,10,0.24485086411259113,1.2852999999999999
POG020,70,8,0.15418460959926994,1.0326
POG020,80,9,0.0714750802912608,1.135
POG020,90,10,0.13454026858164153,1.1345
POG021,0,10,-0.4389882344854799,0.5849
POG021,10,9,-0.6054379118607326,0.5464
POG021,20,8,-0.5926534627153153,0.5663
POG021,30,10,-0.5002842534103278,0.6218
POG021,40,9,-0.2575934930956201,0.5818
POG021,50,8,0.1725625815539124,1.2114
POG021,60,7,-0.3257680454438453,0.6459
POG021,70,8,-0.08696693446616512,0.9249
POG021,80,10,-0.3881117988988022,0.6108
POG021,90,9,-0.33971358135570506,0.6848
POG022,0,10,-0.526722896541439,0.6012
POG022,10,9,-0.5322971309958074,0.5875
POG022,20,8,-0.39988859304743873,0.64395
POG022,30,10,-0.2286221430292772,0.7060500000000001
POG022,40,9,-0.07168897496201387,0.7532
POG022,50,9,0.08403596719438738,1.0473
POG022,60,8,-0.4274008486073804,0.60455
POG022,70,8,-0.5261971819890636,0.60815
POG022,80,10,-0.5188924734811949,0.6012
POG022,90,9,-0.4351254901495596,0.5199
POG023,0,9,-0.46503558985540455,0.5845
POG023,10,10,-0.2584097446170502,0.6467499999999999
POG023,20,8,-0.5113396457613145,0.5922000000000001
POG023,30,8,-0.5522440969113395,0.5510999999999999
POG023,40,9,0.1781542917487109,0.9328
POG023,50,9,0.499237272438339,1.9655
POG023,60,10,0.38910874168196485,1.36615
POG023,70,8,-0.2916697821861646,0.6769000000000001
POG023,80,9,-0.11692464885357617,0.6983
POG023,90,10,-0.028589090191769178,0.87315
POG024,0,8,-0.8134817191345087,0.42755
POG024,10,10,-0.7461662563954113,0.48155000000000003
POG024,20,8,-0.764128838917542,0.4712
POG024,30,8,-0.7167240691801854,0.42595
POG024,40,9,-0.3720829702636965,0.6132
POG024,50,8,-0.07224701473678069,0.85755
POG024,60,10,-0.3512449811864581,0.6965
POG024,70,8,-0.3317608838121303,0.6636
POG024,80,9,-0.4626899687043296,0.6303
POG024,90,10,-0.3285836864612724,0.6592499999999999
POG025,0,9,-0.8345325972604528,0.3996
POG025,10,10,-0.849685385064309,0.39085000000000003
POG025,20,8,-0.6295511284784508,0.55565
POG025,30,8,-0.6798174406338726,0.43679999999999997
POG025,40,9,-0.46120506068397354,0.5626
POG025,50,9,-0.3974168626293387,0.6142
POG025,60,10,-0.4039976255424821,0.6227
POG025,70,8,-0.7512818375876278,0.46925
POG025,80,9,-0.6853385174102307,0.4494
POG025,90,10,-0.6337983285513922,0.46245
POG026,0,10,0.2708383594024858,1.2239499999999999
POG026,10,9,0.03179277365476332,1.0219
POG026,20,8,0.11467464668154165,1.149
POG026,30,10,0.07773698207155166,1.2036
POG026,40,9,0.2947541347455839,1.1897
POG026,50,9,0.9133601293841688,2.5979
POG026,60,7,0.821922104347761,2.251
POG026,70,8,0.9953148243168022,2.4795
POG026,80,10,0.4679608458850484,1.2521499999999999
POG026,90,8,0.2826794147473887,1.327
POG027,0,9,0.04858335522567428,0.98
POG027,10,10,-0.014840591371215309,0.907
POG027,20,8,0.02294863059605602,1.0165
POG027,30,8,0.10580346463647988,1.0779999999999998
POG027,40,9,0.42858850488746286,1.36
POG027,50,8,0.19788941166656293,1.151
POG027,60,10,0.11125327848672202,1.1600000000000001
POG027,70,8,0.25551778459895225,1.2715
POG027,80,9,0.033754512041051905,1.061
POG027,90,10,0.07635758450884636,0.9994999999999999
POG028,0,9,-0.6016302006596904,0.5664
POG028,10,10,-0.5819894834881499,0.56385
POG028,20,8,-0.4718363457852321,0.6106499999999999
POG028,30,8,-0.1604458097698578,0.81625
POG028,40,9,0.2885405119614044,1.5214
POG028,50,9,-0.11801018304831651,0.867
POG028,60,10,-0.2540614305514154,0.5905
POG028,70,8,-0.3324872817660739,0.6415
POG028,80,9,-0.4899401001559877,0.6157
POG028,90,10,-0.23238315463845538,0.65245
POG029,0,9,-0.5925151660630736,0.602
POG029,10,10,-0.4288972015468297,0.5955999999999999
POG029,20,8,-0.24570176123645054,0.6905
POG029,30,8,-0.36966617632939347,0.6868000000000001
POG029,40,9,-0.0016484398432605686,0.7544
POG029,50,9,-0.2760702266260561,0.7074
POG029,60,10,-0.23914799247685026,0.84885
POG029,70,8,-0.15636822750764393,0.9451499999999999
POG029,80,9,-0.2539780428710914,0.7103
POG029,90,10,-0.24888643299500474,0.7262
POG030,0,9,-0.41000861163342583,0.6274
POG030,10,10,-0.2123296840082615,0.7828999999999999
POG030,20,8,-0.4540682714683927,0.6255
POG030,30,8,-0.13466395937928363,0.88375
POG030,40,9,0.016729880480422978,0.8678
POG030,50,9,-0.12948908535256226,0.9424
POG030,60,10,-0.15449778559771327,0.7475499999999999
POG030,70,8,-0.08864294806589307,0.8264
POG030,80,9,-0.22607450821834327,0.7654
POG030,90,10,0.05278092853115547,1.1209500000000001
POG031,0,10,-0.411814491127837,0.6707000000000001
POG031,10,9,-0.45173964676326456,0.6143
POG031,20,8,-0.46716722687323237,0.5736
POG031,30,10,0.013406067658441467,0.7065
POG031,40,9,0.4924315451366064,1.0822
POG031,50,9,0.7760379127855647,3.7861
POG031,60,8,-0.24985707390881237,0.7504
POG031,70,8,-0.5824430392457635,0.5732999999999999
POG031,80,10,-0.5439504285462246,0.58325
POG031,90,9,-0.5758066895720172,0.5645
POG032,0,10,-0.2980047460771187,0.6747
POG032,10,9,-0.3551616430507106,0.6508
POG032,20,8,-0.46647308847156144,0.58405
POG032,30,10,-0.3451791467668993,0.65805
POG032,40,9,-0.18374210999049762,0.6665
POG032,50,9,0.2291802254933358,1.2844
POG032,60,8,-0.35915726053083985,0.6531
POG032,70,8,-0.1626285705718471,0.8748
POG032,80,10,-0.3560863872707897,0.64235
POG032,90,9,-0.2841368597866611,0.7013
POG033,0,9,-0.4259290812606174,0.6551
POG033,10,10,-0.4586560990284102,0.6668000000000001
POG033,20,8,-0.5171718370959568,0.61055
POG033,30,8,-0.3297529089837566,0.71115
POG033,40,9,-0.24454569462494746,0.7008
POG033,50,9,0.27203901822194654,1.217
POG033,60,10,-0.13505442348895133,1.02805
POG033,70,8,-0.15072194756008322,0.70155
POG033,80,9,-0.07194177578276117,0.9213
POG033,90,10,-0.0488292052543491,0.9507
POG034,0,10,0.12442316283865387,1.00785
POG034,10,9,0.1882493083433311,1.0928
POG034,20,8,0.5367390223794585,1.9011
POG034,30,10,0.5441383144830325,1.6644
POG034,40,9,0.7525111688878507,2.8921
POG034,50,8,0.6303039041367359,1.1746
POG034,60,8,0.24664898714949204,1.0911
POG034,70,8,0.26325351818148907,1.2171500000000002
POG034,80,10,-0.018334663364412383,0.78245
POG034,90,9,0.12351192643086446,1.1838
POG035,0,9,0.25919774420116937,1.1297
POG035,10,10,0.3151744833073208,1.2566
POG035,20,8,0.1836725117386998,1.0003499995
POG035,30,8,0.19025634504111186,1.2722499995
POG035,40,8,0.607689961066908,1.7876500000000002
POG035,50,9,0.9503593247788812,2.3616
POG035,60,10,0.5980020534787639,1.52525
POG035,70,8,0.42250050821881296,1.4221499995
POG035,80,9,0.4584000014793209,1.3858
POG035,90,10,0.6233114685800453,1.6330500005
POG036,0,10,-0.11012488175049207,0.7191
POG036,10,9,-0.41679750329396975,0.579
POG036,20,8,-0.2891834456653531,0.7626
POG036,30,10,-0.22773927074376882,0.89825
POG036,40,9,-0.15764159679286585,0.6963
POG036,50,9,-0.04088430663596181,0.7854
POG036,60,8,-0.4596365543586548,0.5945499999999999
POG036,70,8,-0.4261254920848117,0.58195
POG036,80,10,-0.29690149253653153,0.7052
POG036,90,9,-0.506364206300198,0.5636
POG037,0,9,-0.39177705421461473,0.7193
POG037,10,10,-0.4630560164778794,0.5844499999999999
POG037,20,8,-0.47859728451065553,0.5896
POG037,30,8,-0.4151667064745157,0.6862
POG037,40,9,0.19502795129882053,1.4793
POG037,50,9,0.45868741785486705,1.1416
POG037,60,10,0.0017586734878876297,0.6625
POG037,70,8,-0.21822044293690157,0.7964
POG037,80,9,-0.3532366144772036,0.6665
POG037,90,10,-0.21574196497630554,0.7913
POG038,0,9,-0.818373077062135,0.4412
POG038,10,10,-0.8751070554616358,0.39925
POG038,20,8,-0.8003412788220713,0.46265
POG038,30,8,-0.7933498442953485,0.41985
POG038,40,9,-0.5684383860189887,0.4918
POG038,50,9,-0.2989993443702135,0.5872
POG038,60,10,-0.3885305394186561,0.73395
POG038,70,8,-0.6066888759656057,0.5747
POG038,80,9,-0.8142798677056682,0.4359
POG038,90,10,-0.5595340658734805,0.5801000000000001
POG039,0,9,-0.3952483097468895,0.6175
POG039,10,10,-0.18901630579621806,0.78335
POG039,20,8,-0.28356075515087853,0.58665
POG039,30,8,-0.13261629280264037,0.86885
POG039,40,9,-0.11508148252606437,0.8523
POG039,50,9,0.24216836204095657,1.4345
POG039,60,10,0.6278837723140775,1.5431
POG039,70,8,0.2824326212687353,1.2908499999999998
POG039,80,9,-0.11875816091340002,0.8342
POG039,90,10,0.09295054680774786,0.79595
POG040,0,9,-0.5183730685406602,0.5906
POG040,10,10,-0.46985605716545686,0.6474
POG040,20,8,-0.38037327825051515,0.6484
POG040,30,8,-0.262531409565957,0.6519999999999999
POG040,40,9,0.037887427434463924,0.8472
POG040,50,9,0.05785285917532553,0.9205
POG040,60,10,0.012576056462217478,1.0
POG040,70,8,-0.20928044312307367,0.59015
POG040,80,9,-0.21885667182277693,0.6108
POG040,90,10,-0.08383585532565671,0.8922
POG041,0,9,-0.6368442732121439,0.5333
POG041,10,10,-0.5277092394998256,0.5502
POG041,20,8,-0.3140874569768052,0.6118
POG041,30,8,-0.33686029307147214,0.74665
POG041,40,9,-0.263882981511278,0.7504
POG041,50,9,-0.1487470173812319,0.6745
POG041,60,10,-0.23768092836956062,0.68735
POG041,70,8,-0.11063292116116596,0.65615
POG041,80,9,-0.5908190307064104,0.5416
POG041,90,10,-0.11271693438902493,0.8169
POG042,0,10,0.41239503427048396,1.3773
POG042,10,9,0.3693809839635613,0.9815
POG042,20,8,0.22359606138198318,1.25725
POG042,30,10,0.51497648268829,1.4955500000000002
POG042,40,9,0.7733878559008364,2.0895
POG042,50,9,0.8169460660456943,2.6015
POG042,60,8,0.4660903081625136,1.51635
POG042,70,8,0.4712106736386397,1.7024500000000002
POG042,80,10,0.19417639344892176,1.06805
POG042,90,9,0.25446074749015646,1.1758
POG043,0,10,-0.3836590944475793,0.599
POG043,10,9,-0.560374548742298,0.5566
POG043,20,8,-0.2872753350480546,0.60635
POG043,30,10,-0.3252268672631912,0.62935
POG043,40,9,-0.15480571279645314,0.801
POG043,50,9,0.22406830514945872,1.0273
POG043,60,8,-0.47008859538947273,0.6601
POG043,70,8,0.029140425854267647,0.7903
POG043,80,10,-0.6020068750455363,0.52035
POG043,90,9,-0.38570309632049676,0.65
POG044,0,10,-0.09065834215138169,1.0015
POG044,10,9,-0.3322655180589803,0.5435
POG044,20,8,-0.4856629022478126,0.529750001
POG044,30,10,-0.49351228424800525,0.4975999995
POG044,40,9,-0.27861990400762154,0.8025
POG044,50,9,-0.2117086136946518,0.743799999
POG044,60,8,0.037171381397994134,0.878599999
POG044,70,8,-0.07928222541582891,0.753099999
POG044,80,10,0.09089152981118893,0.9951999995
POG044,90,9,-0.2942629832563169,0.617799999
POG045,0,10,-0.4339892080026438,0.6376999999999999
POG045,10,9,-0.3421363879159344,0.7534
POG045,20,8,-0.369433970416797,0.63105
POG045,30,10,0.006926100876606045,0.8926499999999999
POG045,40,9,0.03645714080476617,0.9622
POG045,50,9,-0.014943776236563502,0.7394
POG045,60,8,-0.3991115332815335,0.6564
POG045,70,8,-0.5242550141944118,0.60685
POG045,80,10,-0.3848028404038574,0.6238999999999999
POG045,90,9,-0.19342146379062994,0.6283
POG046,0,10,-0.3414491546584172,0.6675
POG046,10,9,-0.19047495633010242,0.763
POG046,20,8,-0.2054487765924739,0.788
POG046,30,10,-0.26443970870311284,0.6925
POG046,40,9,-0.060128100327327884,0.991
POG046,50,9,0.012707082091020228,0.874
POG046,60,8,0.26131349604549164,1.238
POG046,70,8,-0.1420623604936168,0.6585000000000001
POG046,80,10,-0.34599119040889115,0.657
POG046,90,9,-0.14021660191352145,0.732
POG047,0,9,-0.6866705304024437,0.494
POG047,10,10,-0.806157706354727,0.46599999999999997
POG047,20,8,-0.567211255293082,0.539
POG047,30,8,-0.596017425150728,0.529
POG047,40,9,0.15830018290896086,1.018
POG047,50,9,-0.07513446151647935,0.764
POG047,60,10,-0.16329643161174054,0.7284999999999999
POG047,70,8,-0.4186381616947454,0.6465000000000001
POG047,80,9,-0.5969801782477079,0.54
POG047,90,10,-0.4951300455926842,0.5740000000000001
POG048,0,9,-0.5913538049947794,0.5713
POG048,10,10,-0.5334234574088862,0.5589500000000001
POG048,20,8,-0.39180954413551117,0.63035
POG048,30,8,-0.290599466226366,0.71315
POG048,40,9,0.014895511891306926,0.7792
POG048,50,9,0.0921051965568379,0.9433
POG048,60,10,0.3973744713343178,1.3914499999999999
POG048,70,8,-0.0641192697650929,0.99285
POG048,80,9,-0.14024977447992423,1.1356
POG048,90,10,-0.15738618144106545,0.89405
POG049,0,10,0.41758024652622083,1.3214000000000001
POG049,10,8,0.34853359089644986,1.39155
POG049,20,8,0.2680110766133779,1.1719
POG049,30,10,0.14539941882412463,1.2175500000000001
POG049,40,9,0.4024210862027094,1.3933
POG049,50,9,0.5623264678272454,1.9251
POG049,60,8,0.14193634503902147,1.23765
POG049,70,8,0.053711129428190216,1.02985
POG049,80,10,0.4373532553375174,1.42865
POG049,90,9,0.2705979471834292,1.2381
POG050,0,9,0.14502501857688763,1.0969
POG050,10,10,0.2593989214474255,1.2247
POG050,20,8,0.3582257770299266,1.2316500000000001
POG050,30,8,0.36021660943910977,1.2066
POG050,40,9,0.6295812405922132,1.5392
POG050,50,9,0.4212474101803801,1.3874
POG050,60,10,0.21809436553539413,1.224
POG050,70,8,0.05666019205924108,1.04775
POG050,80,9,0.20903094799342634,1.0328
POG050,90,10,0.26845178271044606,1.1663999999999999
POG051,0,9,-0.13390460720895644,0.8219
POG051,10,10,0.11522893611569758,1.2091500000000002
POG051,20,8,-0.0870407197583393,0.7766500000000001
POG051,30,8,-0.1410385734649864,0.9083000000000001
POG051,40,9,0.29348335174357026,1.2061
POG051,50,9,0.030992725897830458,1.03
POG051,60,10,0.15060441251837947,1.30345
POG051,70,8,-0.3258088461950437,0.7051499999999999
POG051,80,9,-0.06681895074220129,0.9455
POG051,90,10,-0.09551500608000522,0.8632
POG052,0,10,-0.06297454811091906,0.79505
POG052,10,9,-0.3767143192033941,0.5954
POG052,20,8,-0.4025100081293796,0.62105
POG052,30,10,-0.3507568869022545,0.714
POG052,40,9,-0.32281057998329366,0.7202
POG052,50,8,0.08181342265654575,0.81835
POG052,60,8,-0.1896508521038358,0.93875
POG052,70,8,-0.33800724976547825,0.72715
POG052,80,10,-0.2117170772372789,0.7812
POG052,90,9,-0.43248590570170276,0.6361
POG053,0,10,0.03457236402642237,0.9054
POG053,10,9,-0.14029868517642935,0.6854
POG053,20,8,-0.12481262030720033,0.86545
POG053,30,10,-0.14864986939544775,0.85545
POG053,40,8,-0.00153388758804332,0.92205
POG053,50,8,0.44212234602964545,1.30365
POG053,60,7,0.9537407157039616,2.7016
POG053,70,8,0.48564513104552415,0.9495
POG053,80,10,0.014467316475793723,1.0198
POG053,90,9,-0.11543824256071525,0.9554
POG054,0,10,-0.1659967173580445,0.7232000000000001
POG054,10,8,-0.048877490444790034,0.9716499999999999
POG054,20,8,0.06889082335371455,1.0535
POG054,30,7,0.05169127038918186,0.8856
POG054,40,9,0.3991186969339367,1.6747
POG054,50,7,0.36785470003913895,1.0264
POG054,60,8,0.2216017515185533,0.9801500000000001
POG054,70,7,-0.18103391857581025,0.7837
POG054,80,6,-0.43005760357546424,0.70835
POG054,90,8,-0.19429739264803447,0.7341
POG055,0,9,-0.5350667351053563,0.5673
POG055,10,10,-0.5972711868637641,0.5581
POG055,20,8,-0.4355668726321518,0.5522
POG055,30,8,-0.5041074389255349,0.569
POG055,40,9,-0.17930990513757786,1.0574
POG055,50,9,-0.20962345081871447,0.8309
POG055,60,10,-0.13246350754042066,0.7089000000000001
POG055,70,8,-0.47115836449780624,0.603
POG055,80,9,-0.4849650286335147,0.6052
POG055,90,10,-0.2823360093506261,0.67255
POG056,0,10,0.19912644166064428,1.2053
POG056,10,9,-0.20446050013558403,0.5777
POG056,20,8,-0.3767832308136219,0.7174499999999999
POG056,30,9,-0.10860542532884149,0.6111
POG056,40,8,0.0950009198664496,0.8814500000000001
POG056,50,9,0.27077919887621893,1.3652
POG056,60,8,-0.434502306087294,0.5907
POG056,70,8,-0.13712554288234952,0.6516
POG056,80,9,0.15787787245119478,0.8947
POG056,90,9,-0.033155522288309064,1.1979
POG057,0,9,0.6293701453803251,1.2912
POG057,10,9,-0.17978500185117474,0.9165
POG057,20,8,0.24007267023495374,1.1379000000000001
POG057,30,10,0.4558616717120171,1.78125
POG057,40,9,0.3208267744233706,1.5766
POG057,50,8,0.5046629912349342,1.53915
POG057,60,8,0.5834595850130928,1.7674500000000002
POG057,70,8,0.1029218061149113,0.8124
POG057,80,10,0.45723994987771616,1.8024
POG057,90,9,-0.055466594640586564,0.7169
POG058,0,10,-0.06493290177167833,0.92245
POG058,10,9,-0.2802517745597366,0.7293
POG058,20,8,-0.23747975884199973,0.7606999999999999
POG058,30,10,-0.16895967865828768,0.7683500000000001
POG058,40,9,0.3818190766998893,1.4475
POG058,50,9,0.6828599117271608,1.9682
POG058,60,8,-0.15952354507021443,0.82925
POG058,70,8,-0.1822366344861488,0.8567
POG058,80,10,-0.26102650393088184,0.7301
POG058,90,9,-0.42394132228639675,0.6345
POG059,0,9,-0.3387053550287951,0.681
POG059,10,10,-0.33119610082117895,0.6951
POG059,20,8,-0.11232612453106096,0.7826500000000001
POG059,30,8,-0.4346683848063255,0.6610499999999999
POG059,40,9,-0.16073967641924536,0.786
POG059,50,9,-0.0841831906620203,0.9856
POG059,60,10,-0.01147910706132338,0.84615
POG059,70,8,0.23935188416807754,1.20075
POG059,80,9,-0.05120130811456711,0.8191
POG059,90,10,-0.09284284020797445,0.82675
POG060,0,10,-0.7514699793342148,0.5085999999999999
POG060,10,9,-0.7337576847402659,0.5204
POG060,20,8,-0.7272487301136022,0.4917
POG060,30,10,-0.7430713426371386,0.42369999999999997
POG060,40,9,-0.6071346942031046,0.5131
POG060,50,9,-0.37134229435830124,0.7323
POG060,60,8,-0.469152144109521,0.617
POG060,70,8,-0.42712354057822144,0.70245
POG060,80,10,-0.6821380587431174,0.52685
POG060,90,9,-0.21581332510854304,0.6508
POG061,0,10,0.008214120219642213,0.9526000005
POG061,10,9,0.04856903548557549,1.0147
POG061,20,8,0.1495300982704048,1.1301
POG061,30,10,0.14177097166248717,1.0179
POG061,40,9,0.23675667412977164,1.1398
POG061,50,9,0.4722286584206434,1.517599999
POG061,60,8,0.35141900470509346,1.5008
POG061,70,8,0.05889723111828244,1.0207
POG061,80,10,0.04663351395231271,1.008
POG061,90,9,0.09824229274759684,1.0046
POG062,0,10,-0.23658152510153813,0.7398
POG062,10,9,-0.43222538158002993,0.6251
POG062,20,8,-0.13060508778634478,0.86435
POG062,30,10,0.027152124885432467,0.8652500000000001
POG062,40,9,0.5899645265659359,1.7399
POG062,50,8,0.13429623336898558,0.78745
POG062,60,8,-0.33265269790578444,0.66415
POG062,70,8,-0.457182258288909,0.6105
POG062,80,10,-0.38606485026141446,0.63765
POG062,90,9,-0.5527946289938926,0.5659
POG063,0,10,0.0007549834200657246,0.9052500000000001
POG063,10,9,-0.1190183722073183,0.8457
POG063,20,8,-0.0015398975022685446,0.7916000000000001
POG063,30,10,0.23013981354461274,1.076
POG063,40,9,0.21055782839404183,1.0417
POG063,50,9,0.310715506770726,1.014
POG063,60,8,0.07046327870169461,1.0237500000000002
POG063,70,8,-0.05935333318024909,1.0101499999999999
POG063,80,10,-0.07077500032329526,0.9435
POG063,90,9,-0.14406318490916417,0.7935
POG064,0,10,0.4106912470423797,1.4108
POG064,10,9,-0.029091283327322335,0.9245
POG064,20,8,-0.1212975143711132,0.8187
POG064,30,8,0.011952680188818121,0.7965
POG064,40,9,0.1632369400064323,0.8516
POG064,50,9,0.3549411403413187,1.3237
POG064,60,8,0.6451902038689906,1.545
POG064,70,8,0.041004219013259444,1.05195
POG064,80,9,0.28345302281002605,0.8216
POG064,90,9,0.21359172603774165,1.2031
POG065,0,10,-0.43664581163491245,0.60695
POG065,10,9,-0.3811391879351861,0.6149
POG065,20,8,-0.3944845194670334,0.5459499999999999
POG065,30,10,-0.6547054903139258,0.5374
POG065,40,9,-0.5642111642667501,0.5029
POG065,50,9,-0.32611751212804163,0.8546
POG065,60,8,-0.6738685974883148,0.4623
POG065,70,8,-0.44391915071815746,0.67435
POG065,80,9,-0.31658739967586674,0.6666
POG065,90,9,-0.43658960490100834,0.5873
POG066,0,10,0.09487959329140092,1.0575999999999999
POG066,10,9,0.5175138030127359,1.6486
POG066,20,8,0.19555467232869253,0.9866999999999999
POG066,30,10,0.23972031377554584,0.7920499999999999
POG066,40,8,0.2305992975045419,1.0174500000000002
POG066,50,9,0.2900750201362619,1.0622
POG066,60,8,0.3935385052618735,1.01795
POG066,70,8,0.5105083664463034,1.4248
POG066,80,10,0.45131347380002607,1.66025
POG066,90,9,-0.14054175895332552,0.7831
POG067,0,10,-0.5497945932740108,0.56885
POG067,10,9,-0.694283908184065,0.5397
POG067,20,8,-0.6706409089047024,0.4942
POG067,30,10,-0.39038273028087195,0.69055
POG067,40,9,-0.4334445770400365,0.4481
POG067,50,9,0.15391256085444618,1.0458
POG067,60,8,-0.441037890712473,0.54315
POG067,70,8,-0.7351022737035359,0.48005
POG067,80,10,-0.6998728339488748,0.44875
POG067,90,9,-0.6876850064827427,0.4691
POG068,0,10,-0.5006765742304393,0.60215
POG068,10,9,-0.3154706875312858,0.716
POG068,20,8,-0.5561345252359986,0.5053
POG068,30,10,-0.5924973996431995,0.4962
POG068,40,9,0.05141858910928944,1.3228
POG068,50,9,0.24494781928729129,1.2545
POG068,60,8,-0.22155101704210925,0.65195
POG068,70,8,-0.2905727602141001,0.63825
POG068,80,10,-0.29323730633165485,0.7505999999999999
POG068,90,9,-0.2645406416196101,0.7079
POG069,0,9,-0.3716955398069041,0.5763
POG069,10,10,-0.5216626268406401,0.52085
POG069,20,8,-0.2090703691333543,0.7100500000000001
POG069,30,8,-0.21539391004855213,0.66945
POG069,40,9,0.29034382962192,1.1791
POG069,50,9,0.09562050555323355,1.1759
POG069,60,10,-0.09336311751373785,0.90255
POG069,70,8,0.2970150134693668,1.2725499999999998
POG069,80,9,0.119270255966255,1.0794
POG069,90,10,0.2667112171445494,1.3691
POG070,0,9,-0.3423526376568576,0.6677
POG070,10,10,-0.4774599479020119,0.57895
POG070,20,8,-0.4235809500993925,0.6315500000000001
POG070,30,8,-0.5005542053478079,0.5864
POG070,40,9,-0.31263597048159575,0.6763
POG070,50,9,-0.33632130146782885,0.5401
POG070,60,10,-0.08581609092478573,0.6521
POG070,70,7,-0.09612132606321146,0.9851
POG070,80,9,-0.14349115113863398,0.7337
POG070,90,10,-0.20930625595005195,0.7904
POG071,0,8,-0.9223277765811062,0.3846
POG071,10,10,-0.9310674306400102,0.3993
POG071,20,7,-0.8179940172052081,0.4737
POG071,30,8,-0.8805756066651419,0.40364999999999995
POG071,40,9,-0.6401663776718123,0.5593
POG071,50,9,-0.629441109420781,0.4915
POG071,60,10,-0.8196242955431181,0.47395
POG071,70,8,-0.6414612495497805,0.5024
POG071,80,9,-0.840741163521521,0.4536
POG071,90,10,-0.8175773214852937,0.45330000000000004
POG072,0,10,-0.17392369197306667,0.9712000000000001
POG072,10,9,-0.13002448889671855,0.7865
POG072,20,8,0.11064529618180277,1.18955
POG072,30,10,0.17812548837009567,1.42545
POG072,40,9,-0.08670271623110015,0.71
POG072,50,9,-0.09567671815734902,0.9743
POG072,60,8,0.11553002488175712,1.05645
POG072,70,8,0.11675210444356399,1.0805
POG072,80,10,-0.4530367618174266,0.6643
POG072,90,9,-0.003066524345591015,0.9203
POG073,0,10,-0.4184437752823018,0.6980500000000001
POG073,10,9,-0.2518115452485616,0.7334
POG073,20,8,-0.31055677444614316,0.7508999999999999
POG073,30,10,-0.4001861225043659,0.6943
POG073,40,9,-0.1042845796884222,0.8378
POG073,50,9,0.07893381711455832,1.0403
POG073,60,8,-0.29281331641139186,0.6684
POG073,70,8,-0.31978833183060396,0.66525
POG073,80,10,-0.3395824915901415,0.6256
POG073,90,9,-0.241040306382155,0.6838
POG074,0,9,0.31319523816980005,1.3899
POG074,10,10,-0.2002918452847279,0.78615
POG074,20,8,0.08343477925483972,0.90595
POG074,30,8,0.03715607750923517,1.07775
POG074,40,9,0.33895308447409117,1.5762
POG074,50,9,0.5464162636698638,2.1028
POG074,60,10,0.368709845002478,1.3709500000000001
POG074,70,8,0.1017272008739276,0.96085
POG074,80,9,0.08700464575803094,0.9512
POG074,90,10,-0.28771224736665035,0.76125
POG075,0,10,-0.26530877631613703,0.7425
POG075,10,9,-0.43776267267174707,0.626
POG075,20,8,-0.39083928610789237,0.6348
POG075,30,10,-0.4008959228130256,0.6511
POG075,40,9,-0.24981331525436026,0.7505
POG075,50,9,-0.19682063145418865,0.7967
POG075,60,8,-0.09616743308560638,1.0322
POG075,70,8,0.0759219478004458,1.0127000000000002
POG075,80,10,-0.2451921987596612,0.75925
POG075,90,9,-0.34794369947352366,0.6976
POG076,0,10,-0.6010165789781288,0.5159
POG076,10,9,-0.6974661215669713,0.4738
POG076,20,8,-0.6047950575169508,0.52345
POG076,30,10,-0.7464368272832794,0.45985
POG076,40,9,-0.6007208108527563,0.5038
POG076,50,9,-0.44653756462741523,0.5611
POG076,60,8,-0.48989691427087656,0.5609
POG076,70,8,-0.5933256581115126,0.5335
POG076,80,10,-0.6075412368676617,0.5387
POG076,90,9,-0.5784666929112858,0.5326
POG077,0,9,-0.8204085365081768,0.4305
POG077,10,10,-0.693453569297615,0.43875
POG077,20,8,-0.883251695893965,0.39349999999999996
POG077,30,8,-0.8013986464818046,0.40805
POG077,40,9,-0.47242123611208797,0.5218
POG077,50,9,-0.6723176267252121,0.4708
POG077,60,10,-0.6914432971442154,0.4593
POG077,70,8,-0.657035742690655,0.5043500000000001
POG077,80,9,-0.6565343568884164,0.452
POG077,90,10,-0.6246303815622484,0.49415
POG078,0,9,-0.19092955262829073,0.8445
POG078,10,10,-0.4151616770777357,0.6627000000000001
POG078,20,8,-0.27553495296841113,0.7563500000000001
POG078,30,8,-0.21369965596901527,0.77545
POG078,40,9,-0.18135139753300264,0.7265
POG078,50,9,-0.2799541964518322,0.8005
POG078,60,10,-0.32876947425083275,0.70055
POG078,70,8,-0.2080590911300786,0.79935
POG078,80,9,-0.2557390966466182,0.8311
POG078,90,10,-0.20735793647608708,0.8867
POG079,0,9,-0.5661415762805403,0.5705
POG079,10,10,-0.5385049992059733,0.57435
POG079,20,8,-0.294921951133326,0.6658
POG079,30,8,-0.39442915485127333,0.6821
POG079,40,9,0.2899342227281967,1.2836
POG079,50,9,-0.35196320860830554,0.7065
POG079,60,10,-0.26050467930823396,0.7301
POG079,70,8,-0.5349556971541349,0.55945
POG079,80,9,-0.5198965365909436,0.569
POG079,90,10,-0.5014760623968477,0.5972500000000001
POG080,0,9,-0.19087456985327428,0.7299
POG080,10,10,-0.3264854239772122,0.6907000000000001
POG080,20,8,-0.4219756286598544,0.6589
POG080,30,8,-0.294066024055901,0.8122
POG080,40,9,0.1710038134580748,0.9527
POG080,50,9,-0.16653981143921187,0.7757
POG080,60,10,-0.16199925197512488,0.7258
POG080,70,8,0.08881731123251307,1.0394999999999999
POG080,80,9,0.23443883399593635,1.2075
POG080,90,10,-0.00015915939651745258,1.01305
POG081,0,9,-0.48274789793406075,0.6208
POG081,10,10,-0.5173366617257826,0.57055
POG081,20,8,-0.3642750617579017,0.65215
POG081,30,8,-0.26819040313844267,0.71835
POG081,40,9,-0.17817618445437744,0.9205
POG081,50,9,-0.1752980285183129,0.7652
POG081,60,10,-0.17303644306783117,0.82675
POG081,70,8,-0.32390510935141303,0.6214500000000001
POG081,80,9,-0.22728383012172942,0.6658
POG081,90,10,-0.2932892262061858,0.7119
POG082,0,9,-0.4705864602083205,0.6068
POG082,10,10,-0.6336651805524922,0.6084499999999999
POG082,20,8,-0.6589962760914447,0.5645
POG082,30,8,-0.727666887014758,0.49625
POG082,40,9,-0.31538718165858154,0.7302
POG082,50,9,-0.29092923303087476,0.7014
POG082,60,10,-0.4024507765771765,0.49260000000000004
POG082,70,8,-0.3798942502737085,0.7121999999999999
POG082,80,9,-0.4225679756996692,0.6377
POG082,90,10,-0.2722689680739667,0.7637
POG083,0,9,-0.8016144115260155,0.4573
POG083,10,10,-0.7177792567016125,0.4093
POG083,20,8,-0.7269770177256597,0.44905
POG083,30,8,-0.7809148127465347,0.45814999999999995
POG083,40,9,-0.20290184163208472,0.7002
POG083,50,9,-0.41237930671530787,0.6129
POG083,60,10,-0.6991170352476421,0.47785
POG083,70,8,-0.594259595501251,0.5807
POG083,80,9,-0.6162369080955228,0.5729
POG083,90,10,-0.620350060964,0.5133000000000001
POG084,0,10,0.013155524299048699,0.9712999999999999
POG084,10,9,-0.21568808665301015,0.8445
POG084,20,8,-0.09408663514482263,0.7201
POG084,30,10,-0.1816917383861433,0.7567
POG084,40,9,-0.0020867539562366543,1.1736
POG084,50,9,0.340178868192277,1.5238
POG084,60,8,-0.057473984318101294,0.92995
POG084,70,8,-0.1902829367136367,0.77905
POG084,80,10,-0.3054301521471962,0.70425
POG084,90,9,-0.37453935933726584,0.7118
POG085,0,9,-0.07990005573257682,0.9505
POG085,10,10,-0.03926366607249339,0.9852000000000001
POG085,20,8,0.013533563737674493,0.9782
POG085,30,8,0.09756239550551525,1.09335
POG085,40,9,0.04628210495554397,0.9602
POG085,50,9,0.11690829168402134,1.1191
POG085,60,10,0.0414629117067949,0.99565
POG085,70,8,0.11443426146290503,1.1604999999999999
POG085,80,9,-0.058100379534456965,0.9364
POG085,90,10,0.041570810529618155,0.9799
POG086,0,9,-0.6524475693632055,0.5571
POG086,10,10,-0.6831660063788644,0.5406
POG086,20,8,-0.5210728084162304,0.5972999999999999
POG086,30,8,-0.5167293495228161,0.61615
POG086,40,9,-0.07927616216806298,0.8102
POG086,50,9,-0.10433206206493918,0.8078
POG086,60,10,-0.12280983096015805,0.82005
POG086,70,8,-0.20497045468218633,0.73605
POG086,80,9,-0.42852502287110683,0.6853
POG086,90,10,-0.3906062962458866,0.5771
POG087,0,10,-0.4202915989216386,0.6335
POG087,10,9,-0.416267069699098,0.656
POG087,20,8,-0.21413883153026853,0.809
POG087,30,10,-0.28742681051162344,0.7384999999999999
POG087,40,9,0.17100880911312955,1.053
POG087,50,9,-0.18819165502041954,0.784
POG087,60,8,-0.15085005330673512,0.699
POG087,70,8,-0.5102505015453872,0.5525
POG087,80,10,-0.2706015829532558,0.615
POG087,90,9,-0.6404349320277919,0.554
POG088,0,9,-0.3591803179187138,0.66
POG088,10,10,-0.4932872991556729,0.63725
POG088,20,8,-0.36461370442033986,0.6465000000000001
POG088,30,8,-0.36329348578571957,0.71865
POG088,40,9,0.6523266713009783,1.784
POG088,50,9,0.4604443399971103,1.8167
POG088,60,10,0.18593392995548563,1.1542
POG088,70,8,-0.2770436565178993,0.6834
POG088,80,9,-0.32967736278510107,0.6937
POG088,90,10,-0.3937255277670693,0.61785
POG089,0,8,0.10319035738528073,0.9519
POG089,10,10,-0.022568034870038514,0.7988
POG089,20,8,0.22360385945592193,0.9231
POG089,30,8,0.09106050764038402,1.12695
POG089,40,8,0.4187598023702238,1.5648499999999999
POG089,50,9,0.20798154265044838,0.7601
POG089,60,10,0.34302625238859263,1.0089
POG089,70,8,-0.057758395767926796,0.8118
POG089,80,9,0.09622574968444247,1.0035
POG089,90,10,0.22402508290519685,0.8819
POG090,0,8,-0.7805979358781711,0.47995
POG090,10,7,-0.7775700697528327,0.369
POG090,20,7,-0.5176676715193806,0.5436
POG090,30,9,-0.8243169901782301,0.4054
POG090,40,8,-0.8646493044737358,0.37165
POG090,50,9,-0.17958553605773636,0.6847
POG090,60,7,-0.5723490262212295,0.4971
POG090,70,6,-0.9622653454994806,0.3478
POG090,80,10,-0.6163258106977704,0.5461
POG090,90,7,-0.6575471539193037,0.6739
POG091,0,9,-0.4628338198137674,0.6344
POG091,10,10,-0.28117493048466236,0.6858
POG091,20,8,-0.35867919587517305,0.7026
POG091,30,8,-0.3935005645210713,0.6489
POG091,40,9,0.7154502443616706,2.4658
POG091,50,9,0.20976637910711382,1.5825
POG091,60,10,0.1342861517481873,0.86605
POG091,70,8,-0.13125153030103923,0.742
POG091,80,9,-0.2097383683665224,0.7595
POG091,90,10,-0.061201601470440514,0.89125
POG092,0,9,-0.2435959086711979,0.6984
POG092,10,10,-0.06401472936305803,0.9369000000000001
POG092,20,8,-0.174726350334787,0.80435
POG092,30,8,-0.10561149657403515,0.80455
POG092,40,9,0.44900364845582363,1.0441
POG092,50,8,0.15810776337622573,1.2368
POG092,60,9,0.3931261779933232,1.5929
POG092,70,8,0.3424257022556906,1.0104
POG092,80,9,-0.046332917976122934,1.0901
POG092,90,10,0.7231325359477433,1.8257499999999998
POG093,0,10,0.20919819555930713,1.2187999999999999
POG093,10,8,0.3676951410642273,1.163
POG093,20,8,0.13037143795353376,1.14945
POG093,30,9,0.6526961432046846,2.6324
POG093,40,9,0.416361169584756,1.4601
POG093,50,8,-0.10217840275940979,0.6239
POG093,60,8,-0.1756482059398987,0.8802000000000001
POG093,70,8,0.16179797927954032,1.0545499999999999
POG093,80,9,-0.23020923353522266,0.7757
POG093,90,9,-0.2778906644899123,0.6972
POG094,0,9,-0.8125306580242019,0.4224
POG094,10,10,-0.7663256258303524,0.4516
POG094,20,8,-0.7490030085139138,0.47530000000000006
POG094,30,8,-0.7825694008593193,0.4254
POG094,40,9,-0.4218461048789208,0.5042
POG094,50,9,-0.3062157448569011,0.6373
POG094,60,10,-0.2900680864873729,0.7284999999999999
POG094,70,8,-0.4046816621469924,0.64015
POG094,80,9,-0.5990499829012712,0.5693
POG094,90,10,-0.4378967177004808,0.5511999999999999
POG095,0,9,-0.6826172122063504,0.4874
POG095,10,10,-0.5817697987686271,0.53345
POG095,20,8,-0.6211857698665216,0.5157499999999999
POG095,30,8,-0.46577425714088744,0.61405
POG095,40,9,-0.16083933897501124,0.7089
POG095,50,9,-0.009881188092408998,1.0139
POG095,60,10,-0.2376252094280694,0.7392000000000001
POG095,70,8,-0.1230945670684021,0.8261000000000001
POG095,80,9,-0.47757636853074614,0.5776
POG095,90,10,-0.35253206434259204,0.7343999999999999
POG096,0,10,-0.38648777509519877,0.5775
POG096,10,9,-0.5169224082758218,0.5505
POG096,20,8,-0.5666039211826311,0.55555
POG096,30,10,-0.47354845018214853,0.5986499999999999
POG096,40,9,-0.18915711090828533,0.5681
POG096,50,8,0.14014130365330946,0.9773000000000001
POG096,60,8,-0.4696280120297485,0.6663
POG096,70,8,-0.45409254921284814,0.60775
POG096,80,10,-0.5544962210431972,0.5741499999999999
POG096,90,9,-0.4305783978441813,0.6448
POG097,0,10,-0.6163276869468947,0.53955
POG097,10,9,-0.6421431103373292,0.5162
POG097,20,8,-0.6033352798712844,0.51945
POG097,30,10,-0.48596995758347655,0.5269
POG097,40,9,-0.3601658286583503,0.6598
POG097,50,9,-0.47505899881703645,0.6976
POG097,60,8,-0.6855723884627289,0.42955
POG097,70,8,-0.6022150544482759,0.56505
POG097,80,10,-0.7832032338927757,0.4363
POG097,90,9,-0.79862054848541,0.4024
POG098,0,9,-0.46831384829389566,0.5611
POG098,10,10,-0.4407020402873168,0.58255
POG098,20,8,-0.4684090497910548,0.52635
POG098,30,8,-0.4305208944373112,0.5135
POG098,40,8,-0.1784232617194095,0.71245
POG098,50,9,-0.31774116720021195,0.7171
POG098,60,10,-0.1440737496083621,0.82925
POG098,70,8,-0.2839016200258188,0.6915500000000001
POG098,80,9,-0.2282736638464449,0.6205
POG098,90,10,-0.2669134901030034,0.6413
POG099,0,10,-0.24582352228137666,0.6982
POG099,10,9,-0.5079338646429723,0.6473
POG099,20,8,-0.48082179802093533,0.5846
POG099,30,10,-0.34206489005150986,0.74625
POG099,40,9,-0.10100119496937615,0.8571
POG099,50,9,0.31678753687761185,0.8437
POG099,60,8,-0.4245359783853383,0.68735
POG099,70,8,-0.5331525917615831,0.56995
POG099,80,10,-0.6108089600355522,0.5198
POG099,90,9,-0.6402800587250491,0.4991
POG100,0,9,0.0031972723721338755,0.6668
POG100,10,10,0.07571693252383174,1.00095
POG100,20,8,-0.05697366717851396,0.94615
POG100,30,8,-0.14990961011844242,0.83505
POG100,40,9,0.15402320977517028,1.51
POG100,50,9,0.49223552674702364,1.7578
POG100,60,10,0.07253118414113649,1.20265
POG100,70,8,-0.26590260069495864,0.66075
POG100,80,8,0.13113525662552172,0.7479
POG100,90,10,-0.10364512896003664,0.8803
POG101,0,8,-0.16581703651422913,0.6481
POG101,10,8,-0.35175244026740404,0.538
POG101,20,7,0.11258264351701823,0.8299
POG101,30,10,-0.23784947477559815,0.55
POG101,40,8,0.021183871105985463,1.1005
POG101,50,9,0.21621487641181453,1.0796
POG101,60,8,-0.09451194840434661,0.9466000000000001
POG101,70,7,0.05456332526105956,0.8277
POG101,80,10,-0.173304075690792,0.7381
POG101,90,8,0.2574517994480811,0.64805
POG102,0,9,-0.6553040952035142,0.5014
POG102,10,10,-0.6031719983431307,0.5119
POG102,20,8,-0.6030505398009756,0.5417000000000001
POG102,30,8,-0.6082393305802982,0.5335000000000001
POG102,40,9,-0.017094631825733106,0.9826
POG102,50,9,-0.11323912177244273,0.7644
POG102,60,10,-0.26497798444203924,0.71715
POG102,70,8,-0.5002275317747421,0.6259
POG102,80,9,-0.5819228796837153,0.5148
POG102,90,10,-0.6082210925031898,0.5257000000000001
POG103,0,10,0.04369398055234856,1.0548
POG103,10,9,0.10253727795901038,1.1508
POG103,20,8,-0.004314184049033217,0.9436
POG103,30,10,0.37835919619892744,1.09335
POG103,40,9,0.12257422886552138,1.1395
POG103,50,9,0.26162818298953683,1.2088
POG103,60,8,0.2432702838011067,1.31945
POG103,70,8,0.09907304043039677,1.0459
POG103,80,10,0.1278309676870953,0.9108
POG103,90,9,-0.1119022792604455,0.8939
POG104,0,9,-0.31329065035557446,0.813
POG104,10,10,0.12509052984806807,1.01325
POG104,20,8,-0.0682551493186979,0.9647
POG104,30,8,0.02252231518816994,0.8887
POG104,40,9,-0.05794973311700634,1.0133
POG104,50,9,0.1005710568304015,0.9415
POG104,60,10,-0.07042109501899305,0.9168000000000001
POG104,70,7,-0.48689054751031213,0.5079
POG104,80,9,-0.030245081944211914,0.7625
POG104,90,10,0.19327708048905962,1.03375
POG105,0,9,0.15252720043877768,1.1656
POG105,10,10,-0.1407987835004291,0.89575
POG105,20,8,-0.10167855785029914,0.77995
POG105,30,8,0.17296259459565166,1.048
POG105,40,9,0.5996926138856797,1.1027
POG105,50,9,0.5173084370749893,1.2721
POG105,60,10,0.305134136912513,1.17775
POG105,70,8,0.4919137353521603,1.7404000000000002
POG105,80,9,0.13156608450104715,1.0224
POG105,90,10,0.16310110600214672,1.14585
POG106,0,10,-0.09126713722883963,1.1606
POG106,10,9,-0.23637793942382457,0.8653
POG106,20,8,-0.03025030720348082,0.9471499999999999
POG106,30,10,-0.24405246541933895,0.9263
POG106,40,9,-0.05694961154004764,1.0558
POG106,50,9,0.443826206233765,1.4732
POG106,60,8,0.08982375230922789,1.1524999999999999
POG106,70,8,0.5436160440903651,1.4527
POG106,80,10,0.024549162261771063,0.9689
POG106,90,9,-0.10508355089319506,1.0157
POG107,0,10,-0.596853128733689,0.5247999999999999
POG107,10,9,-0.5657059637659784,0.5081
POG107,20,8,-0.4476263965797274,0.6620999999999999
POG107,30,10,-0.21039229654725414,0.6532
POG107,40,9,-0.1673677563306094,0.754
POG107,50,9,0.0850019615479088,1.031
POG107,60,8,0.2695462877078055,1.1875499999999999
POG107,70,8,-0.4555813508431633,0.6271
POG107,80,10,-0.4751286508972973,0.6151
POG107,90,9,-0.4839207958451769,0.574
POG108,0,10,0.24507764110486813,1.3813
POG108,10,9,0.2762771358327353,1.147
POG108,20,8,0.2477567769464702,1.3692000000000002
POG108,30,10,0.3146109926151487,1.36165
POG108,40,9,0.5671013778027564,1.6782
POG108,50,9,0.7749160370896553,2.7928
POG108,60,8,0.36207171356495466,1.49285
POG108,70,8,0.1426220957536134,0.9252
POG108,80,10,0.12399798172093215,0.9672000000000001
POG108,90,9,0.029095540765785983,0.8732
POG109,0,10,-0.5506594219368948,0.5780000000000001
POG109,10,9,-0.4109699609053869,0.6468
POG109,20,8,-0.43544259597495427,0.5847500000000001
POG109,30,10,-0.41461746500264257,0.6038
POG109,40,9,-0.11709177055777387,0.7381
POG109,50,9,-0.046988545233451764,0.8826
POG109,60,8,-0.5148956407920333,0.5513
POG109,70,8,-0.59036300646762,0.56525
POG109,80,10,-0.6322431320269658,0.5234
POG109,90,9,-0.40597763981565377,0.5771
POG110,0,9,-0.351790858378427,0.743
POG110,10,10,-0.42738870680968966,0.6073500000000001
POG110,20,8,-0.35147863762037174,0.6042
POG110,30,8,-0.4283460846434663,0.6152
POG110,40,9,-0.22806122373430324,0.7309
POG110,50,9,0.016718480014203767,1.1775
POG110,60,10,-0.3048622892629974,0.7417
POG110,70,8,-0.001530410103381355,0.82055
POG110,80,9,-0.15433558579246232,0.7516
POG110,90,10,-0.13977168183241453,0.8175
POG111,0,9,-0.2825816425539384,0.6857
POG111,10,10,-0.2660609290889783,0.72455
POG111,20,8,0.2882926827202765,1.5089000000000001
POG111,30,8,0.6631886487114158,2.05875
POG111,40,9,0.7452395316047152,2.2139
POG111,50,9,0.7203824781952813,2.2115
POG111,60,10,0.5951106316941116,1.6543
POG111,70,8,0.6240983838967269,2.04765
POG111,80,9,0.6114125432163404,1.4502
POG111,90,10,0.31579791676060165,1.3493
POG112,0,10,-0.30810474524623654,0.5851
POG112,10,9,-0.4926622903834963,0.5693
POG112,20,8,-0.2250291803694083,0.6184499999999999
POG112,30,10,0.05183810739929425,0.8726
POG112,40,9,0.3128136260229236,0.8914
POG112,50,7,0.22610746961747072,0.8382
POG112,60,8,-0.14285050878739164,0.7691
POG112,70,8,-0.4716362377157757,0.6025499999999999
POG112,80,10,-0.22769262697631923,0.70125
POG112,90,9,-0.5003242634604972,0.586
POG113,0,9,0.09676129024938548,1.247
POG113,10,10,0.04169297800006685,1.1675
POG113,20,8,0.23653619427655712,1.4104999999999999
POG113,30,8,0.10865781636769026,1.17
POG113,40,9,0.2645377516828635,1.012
POG113,50,9,0.8385717410362099,2.124
POG113,60,10,0.8429324742795485,2.4065000000000003
POG113,70,8,0.4798480319363524,1.616
POG113,80,9,0.3126472781398092,1.223
POG113,90,10,0.07663144489409608,1.1205
POG114,0,10,-0.4909185078171105,0.6295
POG114,10,9,-0.3663181533050951,0.622
POG114,20,8,-0.45329488458967315,0.613
POG114,30,10,-0.41108967226025667,0.6095
POG114,40,9,-0.04819710562205434,1.011
POG114,50,9,-0.09529706087118,0.878
POG114,60,8,-0.4698796342881926,0.6014999999999999
POG114,70,8,-0.48095346602532857,0.633
POG114,80,10,-0.5189685957580926,0.603
POG114,90,9,-0.6272950870896598,0.513
POG115,0,10,0.22794827763033912,1.237
POG115,10,9,-0.04202458170632523,0.884
POG115,20,8,0.28526547722149254,1.1175
POG115,30,10,0.386265806983567,1.2389999999999999
POG115,40,9,0.736564734630625,1.852
POG115,50,9,0.3300301049633064,1.164
POG115,60,8,0.10183842668340107,0.8514999999999999
POG115,70,8,0.1328029024877726,0.9575
POG115,80,10,-0.04713319813097647,1.0525
POG115,90,9,0.0567718472461281,0.888
POG116,0,9,-0.3906365284972979,0.654
POG116,10,10,-0.463704610411159,0.6207
POG116,20,8,-0.06962396833403986,0.79905
POG116,30,8,-0.14199327365741538,0.827
POG116,40,9,0.25832628031112903,1.0385
POG116,50,9,0.15348238331261924,1.2458
POG116,60,10,0.057190875505065644,1.1477
POG116,70,8,-0.023809534164908122,0.9914000000000001
POG116,80,9,-0.3309403362705693,0.6548
POG116,90,10,-0.30316625151068244,0.7252000000000001
POG117,0,9,-0.7604894820145662,0.4651
POG117,10,10,-0.69490326893664,0.46895
POG117,20,8,-0.5578073476633064,0.52305
POG117,30,8,-0.5677518000339279,0.54635
POG117,40,9,0.03142795407170377,0.9661
POG117,50,9,-0.25296581415336056,0.8196
POG117,60,10,-0.33147448822113657,0.6129
POG117,70,8,-0.2658612751577945,0.5675
POG117,80,9,-0.3796212913517488,0.6474
POG117,90,10,-0.39427303699087457,0.64585
POG118,0,10,0.09442221361781314,0.9164
POG118,10,9,-0.12358392113275289,0.8789
POG118,20,8,-0.15646939508981217,0.9174
POG118,30,10,-0.35317280624011654,0.74285
POG118,40,9,-0.07444611586090955,0.7873
POG118,50,8,0.10280317522279417,1.1351
POG118,60,8,-0.516798457365914,0.6375
POG118,70,8,-0.2181236502159336,0.6704
POG118,80,10,-0.11676281703045459,0.70575
POG118,90,9,-0.08312313135426448,0.6997
POG119,0,10,-0.06747080682537351,0.7864
POG119,10,9,-0.2162075564263174,0.6771
POG119,20,8,-0.22178371990470216,0.68115
POG119,30,10,-0.029135947698555188,0.83585
POG119,40,9,0.5812305671040335,1.5379
POG119,50,9,0.38567443718889083,1.5066
POG119,60,8,0.032053329797434624,0.8273999999999999
POG119,70,8,-0.08134439017500687,1.0278
POG119,80,10,-0.05179606175051915,0.63405
POG119,90,9,-0.5262529047169537,0.5906
POG120,0,9,-0.48853747873154746,0.5925
POG120,10,10,-0.518253838391752,0.6168
POG120,20,8,-0.11020245642242962,0.73325
POG120,30,8,-0.27040685761233696,0.7605
POG120,40,9,0.011865184802252035,0.8397
POG120,50,9,-0.08413200421608992,0.8749
POG120,60,10,-0.042016703300013655,1.1366999999999998
POG120,70,8,-0.2163623648430915,0.6751
POG120,80,9,-0.2863622272694857,0.6613
POG120,90,10,-0.3625757556548559,0.6774
POG121,0,10,-0.4100259697061256,0.5803499999999999
POG121,10,9,-0.6073169433841955,0.5764
POG121,20,8,-0.7601460152989582,0.46104999999999996
POG121,30,10,-0.513912926780636,0.48934999999999995
POG121,40,9,0.017613089784851717,0.7599
POG121,50,9,-0.1383963089821728,0.8432
POG121,60,8,-0.48828864906308794,0.5313
POG121,70,8,-0.46585914620281316,0.6394
POG121,80,10,-0.6489853280361472,0.49905
POG121,90,9,-0.5840649963458409,0.5688
POG122,0,10,-0.3056992855974314,0.78695
POG122,10,9,-0.5225186753341614,0.4811
POG122,20,8,-0.4742794300290048,0.57265
POG122,30,10,-0.5187668485348881,0.42825
POG122,40,9,-0.1317978174564749,0.6669
POG122,50,8,-0.016621032565767115,0.9719
POG122,60,8,-0.31533546562485815,0.6577
POG122,70,8,-0.32257631123749375,0.8512
POG122,80,10,-0.4686012144442914,0.6457999999999999
POG122,90,9,-0.6048215511774128,0.5074
POG123,0,9,-0.7182302822394498,0.4978
POG123,10,10,-0.6919037178267141,0.4622
POG123,20,8,-0.5701274027630393,0.5407
POG123,30,8,-0.4191490075853232,0.6732499999999999
POG123,40,9,-0.11382346602733875,0.8644
POG123,50,9,-0.35366055000482244,0.7208
POG123,60,10,-0.5953373605297079,0.5505
POG123,70,8,-0.6197912304500434,0.5271
POG123,80,9,-0.5894984323755396,0.5455
POG123,90,10,-0.5038823911908061,0.5687
POG124,0,10,-0.5669590134187715,0.5520499999999999
POG124,10,9,-0.5846640353300279,0.5623
POG124,20,8,-0.4666078904064357,0.5801000000000001
POG124,30,10,-0.42901543044423385,0.6062000000000001
POG124,40,9,-0.44668719423447034,0.6348
POG124,50,9,-0.10946525127521002,0.8381
POG124,60,8,-0.31103112826434265,0.65115
POG124,70,8,-0.5047464442553024,0.62555
POG124,80,10,-0.6364856768264809,0.54365
POG124,90,9,-0.5597214225867065,0.5749
POG125,0,10,-0.38806935960862166,0.62245
POG125,10,9,-0.6036989213872725,0.5158
POG125,20,8,-0.47772033761857535,0.6046
POG125,30,10,-0.0652217347798606,0.78005
POG125,40,9,0.016457435126623954,0.8882
POG125,50,9,0.16288302773970914,0.8331
POG125,60,8,-0.33133789794995844,0.6723
POG125,70,8,-0.6165844714776364,0.5434
POG125,80,10,-0.5803598040149268,0.57515
POG125,90,9,-0.5926522061213111,0.5853
POG126,0,10,-0.5482487425760629,0.47275
POG126,10,9,-0.6263894184968151,0.4917
POG126,20,8,-0.6696186003966131,0.5085999995
POG126,30,10,-0.5662385556354048,0.57195
POG126,40,9,-0.4602870977841863,0.589799999
POG126,50,9,0.0047802327416327384,0.739900001
POG126,60,8,-0.658901640068266,0.54135
POG126,70,8,-0.5632438408252178,0.5766
POG126,80,10,-0.6455478920739847,0.5232499995
POG126,90,9,-0.6365008580400476,0.472400001
POG127,0,8,-0.669544400217148,0.49215
POG127,10,10,-0.782110800624333,0.4718
POG127,20,8,-0.6405102049745577,0.56365
POG127,30,8,-0.5500491899120459,0.5564
POG127,40,9,-0.7212469702684716,0.5796
POG127,50,9,-0.44510884943881923,0.6193
POG127,60,10,-0.6112226772113905,0.622
POG127,70,8,-0.5901789003395381,0.50675
POG127,80,8,-0.6051488464241348,0.6333
POG127,90,10,-0.6146843651331038,0.6127
POG128,0,10,-0.36437936853304864,0.67735
POG128,10,9,-0.5066400798778983,0.6772
POG128,20,8,-0.00043401925791405026,0.9916
POG128,30,10,-0.31811946127402246,0.7363999999999999
POG128,40,9,-0.11323613575005018,1.1105
POG128,50,9,0.13410924385563988,0.8957
POG128,60,8,-0.08171739105790886,0.86185
POG128,70,8,0.09817240670557997,1.0524
POG128,80,10,-0.05239738172212873,0.9319500000000001
POG128,90,9,-0.1571717985784905,0.8877
POG129,0,10,0.01462063113477825,0.88035
POG129,10,9,-0.04720462930448928,0.8888
POG129,20,8,-0.24259079238302925,0.8395
POG129,30,10,-0.17947863910314782,0.82675
POG129,40,9,0.048160166022555205,0.8787
POG129,50,9,0.1614024816175622,1.3213
POG129,60,8,0.4564812715395913,1.8068
POG129,70,8,0.11925884736137551,1.03125
POG129,80,10,-0.12218599551004708,0.81125
POG129,90,9,-0.293212294930218,0.7241
POG130,0,9,-0.2670785655175111,0.8033
POG130,10,10,-0.34231491371631273,0.5826
POG130,20,8,-0.08986266395495202,0.6917500000000001
POG130,30,8,-0.3445618495417365,0.6589
POG130,40,9,0.07944246816652072,0.883
POG130,50,9,0.33169571302347056,1.0577
POG130,60,10,0.3649731193204802,1.2163
POG130,70,8,0.07746371053413607,0.9444
POG130,80,9,0.042571901775594743,1.136
POG130,90,10,0.051852342469522084,0.96165
POG131,0,10,-0.20049361239969804,0.7092
POG131,10,9,-0.2663504565303159,0.7899
POG131,20,8,-0.1416912769439123,0.8955
POG131,30,10,-0.18170740469132624,0.88455
POG131,40,9,0.2274002788312996,1.1995
POG131,50,9,0.11126435046763122,1.1001
POG131,60,8,-0.23978981373532643,0.72455
POG131,70,8,-0.17990147902512832,0.8160499999999999
POG131,80,10,0.013135166894308903,0.84585
POG131,90,9,-0.17285357657764014,0.7661
POG132,0,9,-0.9449881415255652,0.387800001
POG132,10,10,-0.8411226271433418,0.3536499995
POG132,20,8,-0.9305976911734224,0.3775
POG132,30,8,-0.7592773326439246,0.39520000050000004
POG132,40,9,-0.11783175078463134,0.919700001
POG132,50,9,-0.42885633592327127,0.6475
POG132,60,10,-0.5473429044842808,0.6101499995
POG132,70,8,-0.6442104037352685,0.4498500005
POG132,80,9,-0.5145515548924057,0.539699999
POG132,90,10,-0.4213876224169481,0.533549999
POG133,0,9,-0.20865253323077693,0.8289
POG133,10,10,-0.22185490193098487,0.80505
POG133,20,8,-0.15926143498821435,0.8575
POG133,30,8,-0.020607876138268894,0.89365
POG133,40,9,0.1611256624011502,1.2082
POG133,50,9,0.304756994687012,1.3289
POG133,60,10,0.17588411316654365,1.3307
POG133,70,8,-0.07836851111650671,0.93875
POG133,80,9,-0.18517207487819676,0.7947
POG133,90,10,-0.22130755241903605,0.77305
POG134,0,10,-0.6350782939334161,0.5232
POG134,10,9,-0.660837975243245,0.5135
POG134,20,8,-0.5230733954463176,0.5668
POG134,30,10,-0.6158907457874131,0.4942
POG134,40,9,-0.3995167814174836,0.6323
POG134,50,9,-0.28693218731736914,0.6982
POG134,60,8,-0.2922174969040578,0.7734
POG134,70,8,-0.2801487177755664,0.7168
POG134,80,10,-0.35694879284519365,0.625
POG134,90,9,-0.523949369391617,0.6364
POG135,0,9,-0.2446532125984817,0.648700001
POG135,10,10,-0.34078874971185474,0.7479500004999999
POG135,20,8,-0.2956017728872595,0.7366000005
POG135,30,8,0.17449848119463154,1.0749499999999999
POG135,40,9,0.01441918787491345,0.8264
POG135,50,9,0.13725514705931344,1.020299999
POG135,60,9,-0.07320073459962795,0.8751
POG135,70,7,0.2248412913617397,0.864400002
POG135,80,9,-0.07380098375587693,0.879799999
POG135,90,10,-0.2665167187659092,0.8044000005
POG136,0,9,-0.543328702204105,0.6037
POG136,10,10,-0.6748253649419992,0.48955
POG136,20,8,-0.6049376016233141,0.54335
POG136,30,8,-0.49504555268409856,0.59695
POG136,40,9,-0.03756760323004503,0.8515
POG136,50,9,-0.2580947448865388,0.6845
POG136,60,10,-0.48103326022487575,0.6061
POG136,70,8,-0.5594747033752087,0.58875
POG136,80,9,-0.6934952088509847,0.5058
POG136,90,10,-0.5456432048473921,0.5621499999999999
POG137,0,9,0.26353653661618864,1.0152
POG137,10,10,0.09836002233659508,1.0411000000000001
POG137,20,8,0.6315671787874086,1.7606000000000002
POG137,30,8,0.3856318598661071,1.2455500000000002
POG137,40,9,0.6663517348626709,2.4643
POG137,50,9,0.20846201311515553,1.1843
POG137,60,10,0.39232719839273567,1.4848
POG137,70,8,-0.19074660034254376,0.8444499999999999
POG137,80,9,-0.021156291466128293,0.9336
POG137,90,10,-0.0702169555724306,0.84005
POG138,0,9,-0.7245548282211361,0.4621
POG138,10,10,-0.6653544259398765,0.5422
POG138,20,8,-0.6746742562531468,0.52585
POG138,30,8,-0.5972569762640788,0.53215
POG138,40,9,-0.27294450239544155,0.5447
POG138,50,9,-0.13948275421747333,0.7804
POG138,60,10,-0.3289864019721042,0.7217
POG138,70,8,-0.44658377493808094,0.5664
POG138,80,9,-0.5398235669083508,0.5787
POG138,90,10,-0.18448532778482946,0.6085
POG139,0,9,-0.35372832959840067,0.7105
POG139,10,10,-0.08283927785345924,0.8785499999999999
POG139,20,8,-0.29245519433735834,0.70285
POG139,30,8,-0.2789785323377152,0.7930999999999999
POG139,40,9,-0.04733464005981914,0.9102
POG139,50,9,0.009669836235212363,0.8658
POG139,60,10,0.03629554730180224,0.94285
POG139,70,8,0.14708822816700237,1.1950500000000002
POG139,80,9,-0.05919483321432343,0.7984
POG139,90,10,-0.07647347437588434,0.8336
POG140,0,9,0.7013070986005063,1.8176
POG140,10,9,0.5757824315304741,1.7924
POG140,20,8,0.44039343227389616,1.7318
POG140,30,10,0.5530645243564567,1.4567
POG140,40,9,0.8727258040231436,2.5256
POG140,50,9,1.088205943784869,2.2432
POG140,60,8,0.48131617672643007,1.57365
POG140,70,7,0.7018992570696978,1.9685
POG140,80,10,0.41559072818300924,1.5756999999999999
POG140,90,9,0.6236869206188929,1.6949
POG141,0,9,-0.0050096521104276304,1.0614
POG141,10,9,-0.31528733181076124,0.7106
POG141,20,8,-0.20332759102312664,0.765
POG141,30,10,-0.04076189956618807,0.98305
POG141,40,9,0.39583427648221914,1.2279
POG141,50,8,0.11751719400222023,1.0845
POG141,60,8,-0.2254555685022891,0.687
POG141,70,8,0.02248405830385909,0.94175
POG141,80,9,-0.25294443664082966,0.6183
POG141,90,9,-0.08621822403203289,0.8344
POG142,0,9,-0.1509657176572321,0.9856
POG142,10,10,-0.1453891099602526,0.8706
POG142,20,8,0.010854509661080428,1.01905
POG142,30,8,-0.04375884376877,0.96175
POG142,40,9,-0.14384401045538095,0.7539
POG142,50,9,-0.18470170678995593,1.0395
POG142,60,10,-0.2999436407284082,0.8446
POG142,70,8,-0.4327904879833565,0.5496
POG142,80,9,-0.39137797890328474,0.6168
POG142,90,10,-0.21131627387401863,0.8705499999999999
POG143,0,9,-0.4691169978390007,0.6519
POG143,10,10,-0.41690175779685895,0.58155
POG143,20,8,-0.42337342777923276,0.6179
POG143,30,8,-0.5110798264104142,0.60475
POG143,40,9,0.19397435651202838,0.8557
POG143,50,9,0.3517812884775348,1.2074
POG143,60,10,0.18418611413112035,1.24075
POG143,70,8,0.1512187488217477,1.31065
POG143,80,9,-0.20282707202812103,0.7228
POG143,90,10,0.05219789658090094,0.96315
POG144,0,9,-0.402178681195032,0.6636
POG144,10,10,-0.49202669554343464,0.61605
POG144,20,8,-0.3505951882712539,0.6283
POG144,30,8,-0.41659221209177677,0.57735
POG144,40,9,-0.08584750496331092,1.0066
POG144,50,9,0.1020695481228268,1.2835
POG144,60,10,0.26359153486133213,1.4430999999999998
POG144,70,8,0.034969056322437866,1.07995
POG144,80,9,-0.27472530154868735,0.7127
POG144,90,10,-0.16064584485836017,0.8041
POG145,0,10,-0.15304114546380237,0.92955
POG145,10,9,-0.2989507164589525,0.711
POG145,20,8,-0.11349240724840874,0.89445
POG145,30,10,-0.13174380397947666,0.78825
POG145,40,9,-0.5094608468202302,0.5263
POG145,50,9,-0.3197950057149538,0.5934
POG145,60,8,-0.35564420781923567,0.69045
POG145,70,8,-0.283659365720847,0.7112499999999999
POG145,80,10,-0.24503564913763443,0.75125
POG145,90,9,0.059167002002707775,0.9473
POG146,0,10,-0.789866853395074,0.4475
POG146,10,9,-0.7834797590080208,0.383
POG146,20,8,-0.7100664467709085,0.5195000000000001
POG146,30,10,-0.6621362896799832,0.46950000000000003
POG146,40,9,-0.21273768433515874,0.676
POG146,50,9,-0.2656072081273976,0.596
POG146,60,8,-0.7307993356585688,0.47150000000000003
POG146,70,8,-0.7508832014144252,0.4765
POG146,80,10,-0.7995993596362977,0.435
POG146,90,9,-0.6309495859013798,0.534
POG147,0,10,-0.41872443014828314,0.6613500000000001
POG147,10,9,-0.24434472383374586,0.7222
POG147,20,8,-0.5456325253064658,0.46240000000000003
POG147,30,10,-0.45864071952421465,0.46
POG147,40,9,-0.5521855286282186,0.5359
POG147,50,9,-0.30498508165124155,0.6314
POG147,60,8,-0.3245279624161926,0.59585
POG147,70,8,-0.3580507035575108,0.62135
POG147,80,10,-0.572189622923334,0.5572
POG147,90,9,-0.614028546358178,0.554
POG148,0,9,-0.7641985479507744,0.4562
POG148,10,10,-0.675996141593519,0.51715
POG148,20,7,-0.6619196856717272,0.4759
POG148,30,8,-0.7117164801511734,0.48395
POG148,40,9,-0.2973538119252064,0.5433
POG148,50,9,-0.39206877399743584,0.6616
POG148,60,10,-0.22570440577749848,0.7953
POG148,70,8,-0.5509831790708376,0.6344000000000001
POG148,80,9,-0.4967732919360343,0.5999
POG148,90,10,-0.49551063515946836,0.60755
POG149,0,9,-0.21094081622802893,0.7134
POG149,10,10,-0.5497379949149218,0.60885
POG149,20,7,-0.6474241329638184,0.5154
POG149,30,8,-0.565177425875999,0.5646
POG149,40,8,-0.07607379046039824,0.9271
POG149,50,9,-0.12847555476230146,0.6358
POG149,60,9,-0.2615358137302528,0.7394
POG149,70,8,-0.29170515027405536,0.8190500000000001
POG149,80,9,-0.22087747033716468,0.6871
POG149,90,10,-0.23934185236551886,0.74615
POG150,0,8,0.07489554535350075,1.05625
POG150,10,10,-0.07924396761135158,0.9089
POG150,20,7,0.005477944449508435,0.9651
POG150,30,8,0.044756691876966376,1.0423
POG150,40,9,0.45809703092000587,1.5573
POG150,50,9,0.17066130284268188,1.3146
POG150,60,9,0.1211225589162857,1.0923
POG150,70,8,0.17384334374575752,1.2277
POG150,80,9,0.23638479120498085,1.2337
POG150,90,10,0.15328395811492657,1.06135
POG151,0,9,-0.25869282396857984,0.6658
POG151,10,10,-0.2623501102949785,0.67615
POG151,20,8,-0.05840974929173451,0.91275
POG151,30,8,-0.05962647555845295,1.1075
POG151,40,9,0.48381495760725307,1.495400001
POG151,50,9,0.5290879645411384,1.443400001
POG151,60,10,-0.41848759349931586,0.6556000005
POG151,70,8,-0.4161675222946656,0.68605
POG151,80,9,-0.04574153140305978,0.7895
POG151,90,10,-0.16679771415902928,0.8434500005
POG152,0,10,-0.26906551092588865,0.7195
POG152,10,9,-0.3921470728964288,0.6187
POG152,20,8,-0.12584726107355323,0.6595
POG152,30,10,-0.028463240435697423,0.63805
POG152,40,9,0.03979077958712017,0.9266
POG152,50,9,0.11169673989966997,1.1349
POG152,60,8,-0.03850099217840758,0.89585
POG152,70,8,-0.3253647981244644,0.7597499999999999
POG152,80,10,-0.47107182683603616,0.65805
POG152,90,9,-0.5973785618228533,0.5664
POG153,0,10,-0.4368906715665838,0.6788000000000001
POG153,10,9,-0.33438604139926414,0.6716
POG153,20,8,-0.4996944135819399,0.6309
POG153,30,10,-0.24554468345206693,0.73595
POG153,40,9,-0.12215449627191537,0.7154
POG153,50,9,-0.05512527535400237,0.9846
POG153,60,8,-0.36963744225816286,0.6008
POG153,70,8,-0.5078617227687939,0.55955
POG153,80,10,-0.446906524503925,0.6335999999999999
POG153,90,9,-0.38433564001413106,0.6189
POG154,0,10,-0.5789382688878695,0.5807
POG154,10,9,-0.3987387496068171,0.6651
POG154,20,8,0.07235440773896157,0.81075
POG154,30,10,-0.47675695843845045,0.60625
POG154,40,9,-0.38608424180839507,0.6446
POG154,50,9,-0.3147560990138352,0.5805
POG154,60,8,-0.5071528103297538,0.64975
POG154,70,8,-0.35150892921646776,0.7957000000000001
POG154,80,10,-0.5525691635334893,0.50985
POG154,90,9,-0.4497343671103573,0.5847
POG155,0,9,-0.32427544912594947,0.6565
POG155,10,10,-0.41009602758903074,0.6859999999999999
POG155,20,8,0.3854450587612063,1.3274
POG155,30,8,-0.04027208921707984,0.7784
POG155,40,9,0.3348503146624193,1.2765
POG155,50,7,-0.11331751745832729,0.742
POG155,60,9,0.708350928382218,2.0224
POG155,70,8,0.4978254405621283,1.6574
POG155,80,8,0.003359832810295598,1.0324
POG155,90,10,0.07933282719200345,1.15815
POG156,0,10,-0.04489787389058693,0.87595
POG156,10,9,-0.2321111153377835,0.7151
POG156,20,8,0.07208863418385125,0.9576500000000001
POG156,30,10,0.09646343192072085,1.095
POG156,40,9,0.6614116950914978,1.6888
POG156,50,9,0.3792065268368438,1.0981
POG156,60,8,-0.00832828461946123,1.05845
POG156,70,8,-0.014650554363428998,0.9295
POG156,80,10,-0.13501692376447563,0.87585
POG156,90,9,-0.2885450899548684,0.6674
POG157,0,10,-0.18021199106579086,0.86
POG157,10,9,-0.11989488667275706,0.7847
POG157,20,8,0.11432538315585704,1.0579999999999998
POG157,30,10,0.369085632417693,1.31205
POG157,40,9,0.44871369136222583,1.5419
POG157,50,8,0.6173904034214427,1.74405
POG157,60,8,-0.13961482710712012,0.9008499999999999
POG157,70,8,-0.18577662420539867,0.80245
POG157,80,10,-0.15777605313809778,0.81995
POG157,90,9,-0.17681084525444202,0.9301
POG158,0,9,-0.5612934791001832,0.5416
POG158,10,10,-0.3231368832551856,0.6509
POG158,20,8,-0.3160990308032545,0.60165
POG158,30,8,-0.1297736978227474,0.7883
POG158,40,9,0.10740506727906246,1.0848
POG158,50,9,0.13021029023460062,1.0307
POG158,60,10,-0.21007981847271825,0.7854000000000001
POG158,70,8,-0.4105434874365006,0.65815
POG158,80,9,-0.43619381972586463,0.5652
POG158,90,10,-0.39729649012142143,0.61575
POG159,0,9,0.021428363425341188,1.0315
POG159,10,10,-0.02393019838124019,0.8855500000000001
POG159,20,8,0.030917744734375974,1.2349
POG159,30,8,0.38747513764488223,1.31365
POG159,40,9,0.825159116866954,2.0126
POG159,50,9,0.836749171174394,2.1506
POG159,60,10,0.4569140250671003,1.5363
POG159,70,8,0.3451272089038919,1.4311500000000001
POG159,80,9,0.19295649004863025,1.4035
POG159,90,10,0.4492005589884031,1.5156999999999998
POG160,0,9,-0.5884277923989228,0.5296
POG160,10,10,-0.6449786869123068,0.47725
POG160,20,8,-0.5936183719902152,0.51575
POG160,30,8,-0.19636086587976428,0.85155
POG160,40,9,0.231447393246509,1.4344
POG160,50,9,0.27211740766002473,1.1797
POG160,60,10,0.011833093739072709,0.90065
POG160,70,8,-0.14180698989448318,0.8183499999999999
POG160,80,9,0.02155265075625517,0.9747
POG160,90,10,0.18103272815181926,1.08845
POG161,0,9,-0.5676531632902407,0.5598
POG161,10,10,-0.5690513162140308,0.57385
POG161,20,8,-0.513646900538014,0.57355
POG161,30,8,-0.2283052048106255,0.588
POG161,40,9,-0.14169951213138876,0.739
POG161,50,8,0.3937739152131016,1.48035
POG161,60,10,-0.13632768608815357,0.7186
POG161,70,8,-0.14404092550886274,0.7753
POG161,80,9,-0.19049170020984704,0.692
POG161,90,10,-0.3846212545078504,0.6789499999999999
POG162,0,9,-0.43927695212120477,0.667
POG162,10,10,-0.44239816445077906,0.60825
POG162,20,8,-0.2791531209749504,0.66795
POG162,30,8,-0.3336863454136432,0.7076
POG162,40,9,-0.06079476077149702,0.9376
POG162,50,9,0.1676573380444629,1.3028
POG162,60,10,-0.13295813007956217,0.7988
POG162,70,8,-0.05140833816763017,0.9520500000000001
POG162,80,9,-0.20899745984551196,0.7829
POG162,90,10,-0.1512510648390361,0.8987499999999999
POG163,0,10,-0.40746814765365125,0.65215
POG163,10,9,-0.3071148336802353,0.6683
POG163,20,8,-0.39318944159664126,0.6184000000000001
POG163,30,10,0.26621636622070344,1.31635
POG163,40,9,-0.0892988506134977,0.7617
POG163,50,9,-0.24960515443955847,0.6546
POG163,60,8,-0.4005420886400116,0.6505000000000001
POG163,70,8,-0.5437965891531763,0.5670999999999999
POG163,80,10,-0.3776779482594853,0.6721
POG163,90,9,-0.4322009557468194,0.5797
