factor,n,r,ci_low,ci_high,p,q
F1_WASSUP,163,0.15239129861108466,-0.0013610771061898083,0.29910505526686065,0.05213872356112925,0.15641617068338776
F2_SHAPS,163,0.01802133375507114,-0.13607612247015288,0.17126737219168173,0.8193905990307071,0.8404849122808191
F3_Depression,163,0.173835400563107,0.020667178636910765,0.319030732731658,0.026471343543122274,0.11912104594405024
F4_GSE,163,0.06200373450058086,-0.09259934407318574,0.2136875180894637,0.43170613321318085,0.6475591998197713
F5_Anxiety_Worry,163,-0.043375687423887185,-0.19579069909599614,0.11108549244860924,0.582469802086051,0.7488897455392085
F6_BIS_BAS,163,0.07577774729122043,-0.07886136823693779,0.22685568937524614,0.33634949884998755,0.6054290979299776
F7_Hypomania,163,0.08566261743655579,-0.06896602564292073,0.23627185764811026,0.2769262503807564,0.6054290979299776
F8_NGS,163,0.015886202161511074,-0.13817170954283342,0.16919351728390902,0.8404849122808191,0.8404849122808191
F9_POG,163,0.21588389032145477,0.06429714965916036,0.35773274261363,0.005644925068781386,0.05080432561903248
