w,run,raw_physical_midpoint,generalization_breadth_mu,logistic_r_squared,mean_episode_reward,mean_episode_length,max_episode_length,timeout_count,positive_qmin_interior_states,nonzero_action_gap_interior_states
0,1,73.5714411096,16.4285588904,0.999916402299,0.44,11.9,101,0,0,1
0,2,73.5659360013,16.4340639987,0.999802986049,0.49,10.45,63,0,0,1
0,3,73.5678491473,16.4321508527,0.999803411329,0.46,10.39,52,0,0,1
0,4,73.5192316878,16.4807683122,0.99999764501,0.46,12.41,56,0,0,1
0,5,73.9045142233,16.0954857767,0.999999630078,0.43,10.71,52,0,0,1
0,6,73.5646473569,16.4353526431,0.999686149121,0.49,14.15,66,0,0,1
0,7,73.5126227195,16.4873772805,0.999866184527,0.52,12.78,63,0,0,1
0,8,76.6487451779,13.3512548221,0.999999999997,0.49,14.08,68,0,0,1
0,9,73.5390417777,16.4609582223,0.99960863584,0.55,12.16,52,0,0,1
0,10,73.5405231413,16.4594768587,0.998895340996,0.52,11.24,76,0,0,1
0,11,78.7348759908,11.2651240092,1,0.43,11.97,53,0,0,1
0,12,73.8020114933,16.1979885067,0.99999847671,0.45,10.83,52,0,0,1
0,13,77.9637934039,12.0362065961,0.999999999999,0.35,13.87,79,0,0,1
0,14,77.8910938887,12.1089061113,0.999999999999,0.43,11.51,66,0,0,1
0,15,73.5536671251,16.4463328749,0.999664152057,0.5,12.1,61,0,0,1
0,16,73.5521936717,16.4478063283,0.998957860913,0.5,12.84,68,0,0,1
0,17,73.8153243642,16.1846756358,0.999998703138,0.42,8.75,38,0,0,1
0,18,73.5531242091,16.4468757909,0.999654411609,0.52,12.52,84,0,0,1
0,19,73.413217533,16.586782467,0.999960964865,0.51,10.5,67,0,0,1
0,20,77.2526771906,12.7473228094,0.999999999999,0.49,10.02,51,0,0,1
0.25,1,72.715752102,17.284247898,0.998411327213,0.82,5.54,17,0,7,8
0.25,2,71.0849648286,18.9150351714,0.996804506581,0.78,6.41,31,0,7,8
0.25,3,71.0582865194,18.9417134806,0.996823095494,0.81,4.98,15,0,6,8
0.25,4,70.4702121966,19.5297878034,0.997208286978,0.81,6.2,26,0,7,8
0.25,5,71.6221524869,18.3778475131,0.997586927951,0.78,6.36,75,0,7,8
0.25,6,72.4288836412,17.5711163588,0.998532646728,0.77,5.18,17,0,6,8
0.25,7,71.9112147465,18.0887852535,0.997888629691,0.72,5.58,36,0,5,8
0.25,8,72.4868016822,17.5131983178,0.998433067157,0.8,5.19,20,0,7,8
0.25,9,72.1486252429,17.8513747571,0.998336430972,0.8,6.56,46,0,7,8
0.25,10,73.0226835118,16.9773164882,0.998647180335,0.71,5.84,33,0,7,8
0.25,11,71.5098005221,18.4901994779,0.997335983231,0.82,5.98,33,0,7,8
0.25,12,71.0978041769,18.9021958231,0.997240395665,0.74,4.9,23,0,6,8
0.25,13,70.4069978309,19.5930021691,0.997572720375,0.84,5.32,19,0,7,8
0.25,14,71.6795151346,18.3204848654,0.997909261744,0.82,5.22,14,0,7,8
0.25,15,71.54995893,18.45004107,0.997760951792,0.7,5.58,28,0,7,8
0.25,16,70.0886125157,19.9113874843,0.99750676188,0.84,5.27,16,0,6,8
0.25,17,71.7957265842,18.2042734158,0.997546808994,0.76,5.44,31,0,7,8
0.25,18,71.0192303793,18.9807696207,0.996726604739,0.8,5.97,33,0,7,8
0.25,19,71.4092155537,18.5907844463,0.99708451595,0.81,6.03,24,0,7,8
0.25,20,71.9176173876,18.0823826124,0.99785967134,0.81,5.84,52,0,7,8
0.5,1,65.7628015562,24.2371984438,0.992366189607,0.86,6.36,30,0,7,8
0.5,2,67.4865824638,22.5134175362,0.990218032601,0.72,5.32,31,0,6,8
0.5,3,66.6829800051,23.3170199949,0.989864249693,0.8,5.97,45,0,7,8
0.5,4,66.8147958866,23.1852041134,0.990444564159,0.79,5.95,38,0,7,8
0.5,5,66.7651488841,23.2348511159,0.99754537658,0.79,5.82,31,0,7,8
0.5,6,66.5896201176,23.4103798824,0.993190369467,0.78,5.66,20,0,7,8
0.5,7,67.1964627769,22.8035372231,0.989955830622,0.74,5.11,16,0,7,8
0.5,8,66.0750415562,23.9249584438,0.991407981618,0.85,5.34,21,0,7,8
0.5,9,66.5691842906,23.4308157094,0.989875506507,0.81,5.73,30,0,6,8
0.5,10,66.5276076307,23.4723923693,0.991146724464,0.81,5.9,49,0,7,8
0.5,11,66.2620157098,23.7379842902,0.991184479782,0.83,5.41,28,0,7,8
0.5,12,66.8046420493,23.1953579507,0.991605189014,0.75,5.59,24,0,7,8
0.5,13,67.1873831876,22.8126168124,0.990351701873,0.75,6.08,31,0,7,8
0.5,14,67.1176571849,22.8823428151,0.991129767772,0.76,5.35,13,0,6,8
0.5,15,67.1308360864,22.8691639136,0.990329348253,0.79,5.89,41,0,6,8
0.5,16,66.5391967602,23.4608032398,0.993875020876,0.74,5.28,27,0,7,8
0.5,17,66.3509052242,23.6490947758,0.994885819182,0.84,5.84,16,0,7,8
0.5,18,66.8736418704,23.1263581296,0.988651464212,0.79,6.11,57,0,7,8
0.5,19,66.8128644032,23.1871355968,0.989621641159,0.82,6.23,44,0,7,8
0.5,20,66.3874296871,23.6125703129,0.995236844411,0.81,6.22,60,0,7,8
0.75,1,58.2325417171,31.7674582829,0.997164924838,0.74,5.35,26,0,7,8
0.75,2,58.0136714491,31.9863285509,0.991515966178,0.78,5.99,48,0,7,8
0.75,3,57.3909719469,32.6090280531,0.992262534495,0.85,5.58,26,0,7,8
0.75,4,55.4648984493,34.5351015507,0.995055383063,0.76,5.9,28,0,7,8
0.75,5,56.9359555537,33.0640444463,0.995469544821,0.78,6.03,65,0,7,8
0.75,6,57.6221150312,32.3778849688,0.995042657162,0.76,5.48,22,0,7,8
0.75,7,57.1692439703,32.8307560297,0.992715069088,0.72,6.74,73,0,7,8
0.75,8,56.8934609701,33.1065390299,0.991689533484,0.89,5.28,17,0,7,8
0.75,9,59.062590673,30.937409327,0.990577797587,0.76,4.82,18,0,7,8
0.75,10,58.5870170923,31.4129829077,0.994935893541,0.69,5.79,42,0,7,8
0.75,11,57.8276791436,32.1723208564,0.994156846491,0.76,5.48,23,0,7,8
0.75,12,55.5797553081,34.4202446919,0.993658956757,0.92,5.53,17,0,7,8
0.75,13,55.7027186314,34.2972813686,0.994332003631,0.85,6.17,24,0,7,8
0.75,14,56.4926869734,33.5073130266,0.994849894659,0.82,5.51,19,0,7,8
0.75,15,59.1060304111,30.8939695889,0.989130398019,0.77,5.75,26,0,7,8
0.75,16,59.7341440783,30.2658559217,0.989616356948,0.7,7.03,70,0,7,8
0.75,17,55.7375157235,34.2624842765,0.994492889368,0.83,5.96,36,0,7,8
0.75,18,57.6777657637,32.3222342363,0.994919007729,0.74,5.72,50,0,7,8
0.75,19,57.4815217376,32.5184782624,0.994396622585,0.76,4.81,18,0,6,8
0.75,20,59.5450408282,30.4549591718,0.993005770376,0.71,5.99,38,0,6,8
1,1,40.6688363799,49.3311636201,0.994360002164,0.79,5.58,19,0,6,8
1,2,41.0462603421,48.9537396579,0.990471291378,0.78,5.28,16,0,7,8
1,3,45.0775940866,44.9224059134,0.994889665546,0.73,6,50,0,6,8
1,4,45.370066602,44.629933398,0.997124440566,0.75,5.01,26,0,7,8
1,5,44.6781446285,45.3218553715,0.992236324214,0.75,4.99,22,0,6,8
1,6,43.6164733801,46.3835266199,0.992989107566,0.73,5.12,23,0,7,8
1,7,44.0993007698,45.9006992302,0.992724810385,0.72,6.27,52,0,7,8
1,8,41.1148522033,48.8851477967,0.996473260032,0.8,6.21,13,0,7,8
1,9,44.0958940165,45.9041059835,0.998000861633,0.74,5.74,30,0,7,8
1,10,43.1907347537,46.8092652463,0.993763653409,0.71,5.53,30,0,7,8
1,11,43.7194268354,46.2805731646,0.993070223625,0.8,5.78,72,0,7,8
1,12,45.1488471973,44.8511528027,0.995347031864,0.76,5.76,32,0,7,8
1,13,44.3040663961,45.6959336039,0.992071400193,0.68,5.03,22,0,6,8
1,14,40.7297766876,49.2702233124,0.996849779661,0.8,5.87,31,0,7,8
1,15,43.0989044633,46.9010955367,0.986681425689,0.74,6.25,35,0,7,8
1,16,42.7076222807,47.2923777193,0.991791393254,0.81,6.18,30,0,7,8
1,17,42.2011364467,47.7988635533,0.994437260111,0.8,4.93,17,0,7,8
1,18,42.8923324149,47.1076675851,0.995097379732,0.8,6.03,33,0,7,8
1,19,41.984757217,48.015242783,0.993798726707,0.77,5.54,20,0,7,8
1,20,43.8791782711,46.1208217289,0.989041107697,0.8,5.11,18,0,7,8
