k,trajectory,factor,n,r,ci_low,ci_high,p,q,label,purity,purity_of_trajectory_set
2,largest_abs_r,F1,163,0.15312388486358625,-0.0006109883306056675,0.29978788559588543,0.051005480485497294,0.10201096097099459,NGS,0.10058594091956544,
2,pog,F1,163,0.15312388486358625,-0.0006109883306056675,0.29978788559588543,0.051005480485497294,0.10201096097099459,NGS,0.10058594091956544,0.21928459274129475
2,depression,F2,163,0.07421645835517227,-0.08042152951991519,0.2253658433251056,0.34642848563338996,0.34642848563338996,GAD-7,0.2585983548339001,0.18738250035834306
2,mania_approach,F1,163,0.15312388486358625,-0.0006109883306056675,0.29978788559588543,0.051005480485497294,0.10201096097099459,NGS,0.10058594091956544,0.6574402262466679
3,largest_abs_r,F1,163,0.1527827208458653,-0.0009603247635220743,0.2994699115110869,0.05153066142526617,0.1545919842757985,NGS,0.12227467853211356,
3,pog,F1,163,0.1527827208458653,-0.0009603247635220743,0.2994699115110869,0.05153066142526617,0.1545919842757985,NGS,0.12227467853211356,0.21484360014477835
3,depression,F2,163,0.07940603323030829,-0.07523277476147078,0.23031522020119027,0.31365692764821673,0.4704853914723251,PSWQ,0.335262677887241,0.18780033051102935
3,mania_approach,F1,163,0.1527827208458653,-0.0009603247635220743,0.2994699115110869,0.05153066142526617,0.1545919842757985,NGS,0.12227467853211356,0.7072435729998431
4,largest_abs_r,F4,163,0.15101061422513892,-0.002774277848480792,0.29781773587628707,0.054331226728683124,0.211705990714902,WASSUP,0.8822597004064814,
4,pog,F2,163,0.12712629578845988,-0.02712425573770112,0.2754636987198142,0.105852995357451,0.211705990714902,POG,0.4029820008968046,0.4029820008968046
4,depression,F1,163,0.07907762781182612,-0.07556137666675894,0.2300022461695533,0.315668820410585,0.4208917605474467,PSWQ,0.33500654653096834,0.19429482764245362
4,mania_approach,F4,163,0.15101061422513892,-0.002774277848480792,0.29781773587628707,0.054331226728683124,0.211705990714902,WASSUP,0.8822597004064814,0.911569528365905
5,largest_abs_r,F3,163,0.14475071759645694,-0.009173903909452349,0.29197444165168385,0.06524837548018338,0.31088717104825386,WASSUP,0.8983499979981907,
5,pog,F2,163,0.12085590208434803,-0.033486706489665466,0.26956834521650613,0.12435486841930155,0.31088717104825386,POG,0.41376562658318156,0.41376562658318156
5,depression,F1,163,0.1024941302790062,-0.05204637526527962,0.2522404603796345,0.1929442899218579,0.3215738165364298,Depression,0.24226431401704873,0.24226431401704873
5,mania_approach,F3,163,0.14475071759645694,-0.009173903909452349,0.29197444165168385,0.06524837548018338,0.31088717104825386,WASSUP,0.8983499979981907,0.9270561578440585
6,largest_abs_r,F2,163,0.15183373224323676,-0.0019318485984602374,0.29858525707364153,0.05301514031298196,0.31797541388666906,WASSUP,0.8862013346626085,
6,pog,F4,163,0.12707617027448453,-0.027175166757259627,0.2754166154754606,0.10599180462888969,0.31797541388666906,BIS/BAS,0.38047102446205494,0.21417746523021466
6,depression,F1,163,0.10004257966248982,-0.054516295928065985,0.24991965815644032,0.2038643329115122,0.4077286658230244,Depression,0.23326811504785458,0.23326811504785458
6,mania_approach,F2,163,0.15183373224323676,-0.0019318485984602374,0.29858525707364153,0.05301514031298196,0.31797541388666906,WASSUP,0.8862013346626085,0.919297339083429
7,largest_abs_r,F2,163,0.15217086908573813,-0.0015867391491144892,0.2988995675019797,0.05248376254584574,0.3673863378209202,WASSUP,0.8982277610167133,
7,pog,F6,163,0.049457992938161256,-0.10506124853059895,0.2016454333734382,0.5306843040163652,0.6191316880190928,NGS,0.4992016848832645,0.26504940810038763
7,depression,F1,163,0.09779513968171624,-0.05677891598281329,0.24779056669495117,0.2142604750528396,0.4157376629263645,GAD-7,0.3202300879296379,0.22944368947424126
7,mania_approach,F2,163,0.15217086908573813,-0.0015867391491144892,0.2988995675019797,0.05248376254584574,0.3673863378209202,WASSUP,0.8982277610167133,0.9260651956948786
8,largest_abs_r,F2,163,0.15195250292450094,-0.0018102734086646842,0.29869598981919804,0.052827434256562895,0.29458034357109714,WASSUP,0.9086776837174652,
8,pog,F8,163,0.14049602404196135,-0.013516382443482591,0.28799661869912424,0.07364508589277428,0.29458034357109714,POG,0.7035605087356607,0.7035605087356607
8,depression,F1,163,0.09217263366362634,-0.06243245225466049,0.24245778392609374,0.24191327587450395,0.37693828262416385,Depression,0.25653145121001086,0.25653145121001086
8,mania_approach,F2,163,0.15195250292450094,-0.0018102734086646842,0.29869598981919804,0.052827434256562895,0.29458034357109714,WASSUP,0.9086776837174652,0.9288425771933233
9,largest_abs_r,F9,163,0.2158838903214548,0.06429714965916039,0.35773274261363003,0.005644925068781386,0.05080432561903248,POG,0.8211106722000644,
9,pog,F9,163,0.2158838903214548,0.06429714965916039,0.35773274261363003,0.005644925068781386,0.05080432561903248,POG,0.8211106722000644,0.8211106722000644
9,depression,F3,163,0.173835400563107,0.020667178636910765,0.319030732731658,0.026471343543122274,0.11912104594405024,Depression,0.48767282124393374,0.48767282124393374
9,mania_approach,F1,163,0.15239129861108464,-0.001361077106189836,0.29910505526686065,0.05213872356112925,0.15641617068338776,WASSUP,0.9121225892778587,0.929983447913271
10,largest_abs_r,F8,163,0.21089030209207263,0.05908524550768984,0.35316193329279577,0.006888104549357511,0.0688810454935751,POG,0.7828341086932327,
10,pog,F8,163,0.21089030209207263,0.05908524550768984,0.35316193329279577,0.006888104549357511,0.0688810454935751,POG,0.7828341086932327,0.7828341086932327
10,depression,F3,163,0.17827456093216057,0.025245919982888606,0.3231395887929929,0.022797501610550466,0.11398750805275232,Depression,0.5245820483751323,0.5245820483751323
10,mania_approach,F1,163,0.15752171476189364,0.00389555128908306,0.3038838665444563,0.04462411642886391,0.1487470547628797,WASSUP,0.890325466026594,0.9161033113272593
11,largest_abs_r,F9,163,0.22218584000135633,0.07088644052681421,0.36349145661220666,0.004364127603363295,0.04800540363699624,POG,0.8200305390725708,
11,pog,F9,163,0.22218584000135633,0.07088644052681421,0.36349145661220666,0.004364127603363295,0.04800540363699624,POG,0.8200305390725708,0.8200305390725708
11,depression,F3,163,0.19809318397025955,0.04576632181408395,0.34141718706319574,0.011251428273736049,0.061882855505548263,Depression,0.5958643500642846,0.5958643500642846
11,mania_approach,F2,163,0.15178864475326842,-0.001977999540114343,0.2985432198941721,0.05308654132567269,0.19465065152746655,WASSUP,0.8435125199692232,0.879737048221912
12,largest_abs_r,F9,163,0.2213372171331171,0.06999835416212448,0.3627166147387274,0.004519828330592893,0.05423793996711472,POG,0.8176262236219758,
12,pog,F9,163,0.2213372171331171,0.06999835416212448,0.3627166147387274,0.004519828330592893,0.05423793996711472,POG,0.8176262236219758,0.8176262236219758
12,depression,F3,163,0.1976723992184271,0.045329297187625094,0.34103024404679144,0.011429087671407438,0.06857452602844463,Depression,0.5887917072217413,0.5887917072217413
12,mania_approach,F2,163,0.15968214145892162,0.006111669467468242,0.30589403052223424,0.04174238788310955,0.1669695515324382,WASSUP,0.8456494450499801,0.8712378300421249
