item,F1,F2,F3,F4,F5,F6,F7,F8,F9
SU_01,-0.00975937737805641,-0.05534967049556763,0.07464647674309567,0.05503314473494002,0.015854832075284507,-0.008473760846485717,0.7844683477705947,-0.023788022912117023,-0.0194367438494476
SU_02,0.03346434927744884,-0.008492818563125823,-0.07452863438276297,-0.022174810337591434,0.06125806645621249,-0.0020435226921972473,0.8335767196952856,-0.002118306695522401,0.016062758953144133
SU_03,-0.07121892508308035,0.10484259995124255,0.03858337230828401,0.0019797884319688,-0.04471614666704378,-0.015824012731097237,0.8730002984448935,0.01190450300017839,-0.03434259853853102
SU_04,-0.04450956928013951,0.06231898457979483,-0.00035340033189613,0.1282780944394197,-0.06442638450611185,0.1077167416925769,0.7353128221327683,0.017014063671119156,-0.03654378796497349
SU_05,-0.027915168450089352,-0.07753369099507706,0.10991699051742115,0.18082851830027316,0.04580186702125257,0.12310291907559144,0.4299155694278196,0.1587041395669471,0.11431223368633192
SU_06,0.016015020265815243,-0.0165656501801637,0.058464084764776325,0.15531640767122395,-0.04590743804349583,0.06224263860157424,0.5292682009738245,0.2261790638923937,0.14948405901426523
SU_07,-0.019072155241820234,-0.05301777884412962,0.057840779424906556,0.020082664689172455,0.18678389774591633,-0.12227647886426476,0.5357847841041767,-0.06783258570816332,0.11558348333941568
bisbas_01,-0.0033758682293756658,0.0690506978213217,0.11297213457883708,-0.2481279001503684,0.24585379915573413,-0.09302155483800588,0.07965324458545081,-0.2967829688008465,0.2351302454635575
bisbas_02,-0.09607002509508646,0.13717151947597278,0.17944163361168436,-0.2614374267002759,0.12923811857463133,-0.038923387940861115,0.13712821032236985,-0.21136286384799677,-0.025881879261869196
bisbas_03,-0.04164421713296444,0.2376909054723898,0.07891524643623786,-0.3419240708643021,0.13303823614069213,-0.05781516731588334,0.24215413217529497,-0.2210127378576444,0.06699248987408367
bisbas_04,-0.04920559222613426,0.10228266079838762,0.1102543551144749,-0.0704585484305598,0.26002373369532233,-0.006645410853775692,0.23727798837038278,-0.19800320519484332,-0.009086098180932808
bisbas_05,-0.023364952956734325,0.19422938715329782,-0.06459105542879648,-0.0785533512404951,0.04389879032814374,0.5528313782264456,-0.04089756911099398,0.0656230732033509,0.11135350244028332
bisbas_06,-0.06483549493221213,0.20184810008523946,0.08757998159500838,0.120632321114561,0.06304170019756486,0.5241249142383623,0.007119051500232088,0.02996386460599987,0.005731392843869978
bisbas_07,0.006016068335576138,0.25712115610386116,0.11603855070148518,-0.04723804800565152,0.050229095651476804,0.4256019210156981,-0.01456013231862575,-0.018654844354741462,-0.0007775542794438033
bisbas_08,-0.023217350309370402,0.19077302907726038,0.04325761594734163,-0.08741960087173153,0.0014346888889626994,0.5614067882003324,-0.009539245514779502,0.05774598715632837,0.0577174631957638
bisbas_09,-0.0467266478513933,-0.050532027361861735,0.04394706455253005,0.09140584874931325,-0.0418091715847414,0.8344306655198526,0.09490526271373415,0.001260720461252591,0.00015513169180317345
bisbas_10,-0.027532750889049853,-0.11742267998602342,-0.001389284072686712,0.03670299411892286,-0.04606072781227525,0.7929725960584056,0.02975847134271446,-0.0595466879953785,0.11779865584851948
bisbas_11,0.0001512622478121067,0.012722141850148326,0.009481566131884028,0.054395771633190204,0.01061644790772051,0.7971184558029936,-0.035234762383135936,-0.05911647085887914,0.05269751493972295
bisbas_12,-0.032949890073287545,-0.14853812272622088,0.08791097363317102,0.036556705619310265,-0.07066425458886154,0.689943243041436,-0.018699497570205174,0.07913952607138502,0.09565738275519382
ngs_01,-0.03868334972082448,0.06357210552368277,-0.01965172210921486,0.09868554073861298,0.09703243065389344,-0.12335150376532221,-0.046253047042444796,0.6970806413387697,0.19975568404483815
ngs_02,-0.10120228814458072,0.07040475165805296,-0.05939506364471312,0.12824048303205365,0.09809898586438989,-0.10509123614233205,-0.027568758282595862,0.7632661448829697,0.13840979726675767
ngs_03,0.05736302542496215,0.05388064343840029,0.020618661567265884,0.006428423872014679,-0.012084399718576689,-0.09540540645006601,0.12438617571057092,0.6347387831653188,0.0399519711839446
ngs_04,0.14967916562963293,0.053728026091923266,-0.06951167566746506,0.07239319693719999,-0.0857405538000537,0.13587799593343408,0.11209161530706009,0.6138272763659682,-0.008265490621292839
ngs_05,0.1722632387894404,0.0659123986445717,-0.16671229216335803,-0.012296040283045123,0.07017585125058191,0.10911157058275633,0.007862599624198333,0.7246879215929344,0.0024215064298028304
ngs_06,0.1690767792950649,0.021104354467639926,-0.18806938976929316,0.013432692959484597,0.030127468819484006,0.13555691783080004,0.08903275368103046,0.6628429657368854,0.0034667807409097715
ngs_07,0.15331145330698556,0.022918874831744977,-0.007083375401144398,-0.019727014549915788,-0.08710632469803316,0.10924188972067979,0.10045711385631324,0.69726175207212,-0.03770956686729807
SD_01,-0.07262097352766,-0.09014939408961992,0.5846141349639742,0.03109807180369002,0.19959669359787033,0.007439163626510746,0.19158904212954816,-0.021996836232901135,0.04574084845939262
SD_02,-0.01647356159830082,-0.2006855276752199,0.7159061812059728,0.033282680874925676,0.1086515793015394,0.03621749671493421,0.05846538487340328,-0.05455285420151452,0.034550425678784545
SD_03,-0.010335652718447342,0.0506449549113064,0.760226723296557,-0.09218528293578154,0.06410021697635926,-0.0033851415677068632,0.01963567711526877,-0.11992199035198438,-0.060706228481959106
SD_04,0.052733619454015064,0.038597504836598635,0.7847115979312451,-0.16378809733902147,0.05790778997366713,0.03234858192703643,0.06774980431745649,-0.06101607887925024,-0.1101026886459015
SD_05,-0.03329201790727991,-0.08267187870027759,0.7799265963222906,-0.08142268488382709,-0.01178184294450395,-0.0365370369831993,0.029706092192361852,-0.08923899424706074,0.022365971652243855
SD_06,-0.03787176119599206,-0.11604650653676837,0.6829201883346517,-0.09069221135412846,0.14252306088755753,0.01950703778649465,0.05807721425514446,-0.046945775269448146,-0.09182056009679251
SD_07,0.10449412686886662,0.08743759383358135,0.8392379567565617,0.06656287731951775,-0.16288196285277187,-0.07451790997323965,-0.03601793297744376,-0.10301169596496763,0.025344202345367665
shaps_01,0.04124422657164492,0.6155900681785306,-0.036622393456478185,0.06754138985311152,0.024616250430436123,-0.07822177639984573,-0.06458713392311084,-0.01457684836716125,0.17448078028237707
shaps_02,-0.09273164190655601,0.6289239139368841,-0.09382765819051059,0.011958100646218009,0.05139982447567088,0.06137498564280441,-0.025359288115747163,0.24810962260857028,-0.06007008775367359
shaps_03,-0.11956837180697044,0.6766313190461407,-0.06077738888375802,0.06429096949386189,-0.03154184377031851,-0.06198432034320725,0.07279140376985704,0.11084569928694768,-0.003568934929479876
shaps_04,-0.028758269502920212,0.5372911184104358,-0.05187996364897054,0.12542996752656713,0.045101090949801484,0.1135375042983232,0.07809480035295877,-0.02986867899555667,0.10510206255818141
shaps_05,0.05733988670399754,0.5707546103784011,-0.029065639474888917,0.1669624092863144,-0.003331301744012902,-0.029778502863859635,0.007568166296576857,-0.03606309865145849,0.08263542609530633
shaps_06,0.03652656691132208,0.7421627010603432,0.04463991324898326,0.12745746764803928,0.046020106328437956,-0.05549153755722019,-0.035038786466319846,-0.038372015715445594,-0.0620370269803341
shaps_07,0.09694572849332457,0.750249308470014,-0.09765823015035066,-0.09189137865914229,-0.00954344088863138,0.07440766544200446,0.0318800138223575,-0.04951242556929253,0.020077100321244688
shaps_08,0.00768735999481091,0.595452673924262,-0.05570399209547307,0.13591031388543812,0.028619624327992782,0.007814522192460599,-0.026632021306594367,0.03700752728455166,0.16711225844756708
shaps_09,0.04145849891576954,0.695847213518836,-0.0833774448125773,-0.05825549577605753,-0.05888870004364444,0.05663245585003767,-0.032601059697793824,0.0035630697270130603,-0.02612498335288124
shaps_10,-0.021048267125518955,0.5044779990616055,-0.012750206075745748,0.17217982942260326,0.08714135650405035,0.06003751403641209,-0.0805764741941115,-0.12406957759138115,0.1031351837697746
shaps_11,0.006876691847736119,0.8218204825836478,0.08857265379438713,0.044285512170776156,-0.05271264150803093,-0.01961700516169878,0.008278483722625796,0.09724676297383901,-0.03178451080491752
shaps_12,-0.08470380286558084,0.7331395479478178,-0.050995073310710105,0.24320260219493825,0.02967627226011387,-0.15915546651242968,0.09894034004158214,-0.027546299585523022,0.04887317885521673
shaps_13,-0.008439590963826352,0.6556530786558572,0.07409547159247276,0.042642272093640146,0.03961620471718091,0.13825573733498325,0.07498305792887865,0.08552845791613083,-0.07702623433685322
shaps_14,0.031540467539018416,0.5989062299717204,0.08120402111356291,-0.011062230803187066,-0.014754315354429406,0.18251616937700443,-0.04430155429813718,0.09992355282287126,0.12208127133732417
pswq_01,-0.05220458553159391,0.1576302235961292,0.24585291298984044,-0.2744544682550214,0.4614773571398148,-0.06611660010768766,0.08722344973949943,-0.270012108119036,0.10975858616291179
pswq_02,-0.0630531884646621,0.12462194479391357,0.18075828708536498,-0.2681640529255377,0.45296295165709505,-0.06700569043754037,0.0885687167715687,-0.2904887831629649,0.10876071548886135
pswq_03,0.0164495589507805,0.05664263765599444,0.30747161934283185,-0.2658201090483538,0.42392360550531566,0.02089284372682198,0.07567010950860059,-0.2630666293949069,0.07743993496780115
gad7_01,-0.03961903027618839,-0.016139672325410012,0.3346078794695867,-0.11613095496228347,0.5981009525710657,-0.0843506811627204,0.016800293345306073,0.001183609891925399,0.049460281164515736
gad7_02,-0.059024450185208854,0.0016745467846777029,0.2992969373017921,-0.185257752885633,0.565207909943971,-0.06855287380747302,0.014678435600957907,0.03525693721514227,0.1416277134247284
gad7_03,-0.0716349747514983,0.006863759756769414,0.2958746730057367,-0.20664770058510265,0.570619150915541,-0.01729745803990154,-0.007447317451389457,-0.03459573589892305,0.15669919833909252
gad7_04,-0.003199341969590403,-0.18573134249803772,0.319317064984513,-0.13626313580612337,0.39979291436230396,-0.09886441024849285,0.063971668684434,0.009676693504340483,-0.024249659367155934
gad7_05,-0.05997721620697321,-0.0005030141334884355,0.18307002992014032,-0.3021692923201361,0.3062211162920319,0.04754993860693591,0.12339488825254115,0.1725351228049846,0.06312508785507928
gad7_06,-0.06716175138033174,-0.11870091539361094,0.4126322267671343,-0.11705138370722484,0.35473509922836466,0.002439294024870871,0.016779170573499456,0.016509672023640412,0.09808407257925478
gad7_07,0.05033729619122046,0.10083015491419325,0.39660645147135926,-0.2277209937575413,0.3989991553252498,-0.020580431387923898,0.14939892777574035,-0.03389034106470332,0.00924521939433149
pog_01,0.018299725349040463,0.27304593254847925,-0.13456019210513664,0.11221349934937387,0.14669291771656692,0.17392348200099894,-0.045274613378542716,0.03291784371861388,0.4384027852421341
pog_02,0.276022951186921,0.0826036285959524,0.18796786789164496,0.043811143402553834,-0.29140221871737587,-0.02075539159846039,0.15154913957137353,0.060997686991887665,0.400448743096976
pog_03,0.017165634875741246,0.16298115018117884,-0.014610370086280303,0.18748483243397043,0.1910317152571906,0.22245687283813065,-0.064766309474301,-0.001811447974972729,0.5147269579323475
pog_04,0.1907872635833004,-0.06702844283446219,0.08017263016380442,-0.06825259642386652,-0.23648914216717695,0.09064985178517809,0.2953883348915034,0.25168958291702737,0.3709806319457713
pog_05,0.03329476848700028,0.0025877239762595048,-0.05657472964586587,-0.12787795071880517,-0.15156655756639725,-0.000551536999611757,0.16719047709012516,0.16467905734176314,0.4961857357662737
pog_06,0.024024972723332982,0.07647570755886884,-0.23942294221647026,-0.016400936450899163,0.23092595044603753,0.08435691149623821,-0.03472024945262764,0.09965318074326773,0.6131998505826085
pog_07,0.07023585730244121,-0.10493728577213242,0.08258068227431883,-0.10978243140897351,-0.25652613165986243,0.04299409744500123,0.2724319899500912,0.20114710935881472,0.47770014558821017
pog_08,-0.009532208678979723,0.24495669181634325,0.06596938933360504,0.12172132156357138,0.12286242602973693,0.20097784536112337,-0.08288603257983908,-0.06081257865554727,0.5934677626869214
pog_09,0.04755344463561656,-0.013514182565659325,0.11124790528348899,-0.2467218198765347,-0.14515998603294933,0.2534649549315768,0.0976876572626722,0.1268212962348601,0.4869255048858894
pog_10,0.12384493350084433,0.019007436370931073,-0.02538348696638399,-0.19532474772694275,-0.08839843703823377,-0.017856838069706664,-0.061743031687779615,0.16260462149966592,0.3403196729772532
pog_11,0.08052125911062531,0.07662505106897473,-0.07866229938379357,0.10411381499554453,0.08624658976537153,0.11632165730448371,-0.002101844171735122,0.02945254374018658,0.6454308712363062
pog_12,0.1717001141254339,-0.18811158095975888,-0.1840215868240504,0.17958724864664502,0.0031515633214938116,0.03936501657142042,0.2000250343563907,-0.0014975025832620493,0.5762207315392267
pog_13,0.04694636763264217,-0.10228207807526221,0.012975132053416766,-0.13783296183714172,-0.27943902434874235,-0.03789037250575145,0.18546032801412254,0.14312053365761937,0.5117128363036565
pog_14,0.16557514027412595,-0.07711127646247112,-0.032672922449135916,-0.1642100886019387,-0.3486643811536155,0.11287135498139655,0.2376139243198819,0.20455667079595616,0.37998226150792347
pog_15,0.03344025838301563,-0.011692630336722683,0.1200878152044278,-0.08555240291576208,-0.32091463409616183,0.0582171969394091,0.3197850267922018,0.23640210194419922,0.3665878658337817
pog_16,-0.05822269561306409,0.11006482566413209,-0.017381269279985293,0.15153208378419739,0.19167351098185217,0.18668872498651254,-0.05019419092743002,0.0673147074493342,0.6224101843528644
phq_01,-0.033825167784957345,-0.45399164172645357,0.47133959076013776,0.1472087024834729,0.31932725876867785,0.018190315423381138,0.029645458771166925,0.09159516059059207,-0.02249885798286243
phq_02,-0.049989125403242275,-0.2918976626672748,0.566244793571705,0.036276262917167484,0.3410867217211805,0.10100472653885391,0.006934237845377689,0.054337608664886024,-0.029516702662760363
phq_03,-0.06196490460488173,-0.21679857733767416,0.25274598142027405,-0.020035077427137775,0.28213461900868353,-0.1499277966733527,0.041764207696873404,0.06926678219460919,-0.03847166476646733
phq_04,-0.02623643611918277,-0.32077629814245584,0.3236799760358309,-0.003488437281848086,0.30650918012830136,-0.12413973136605111,0.014463515361845461,0.005715353598423963,0.029414063759014647
phq_05,-0.011814014254011056,-0.08172673034165102,0.3054835465807985,-0.1644326814517798,0.25629647212856704,-0.11021792612459923,0.09420835953466117,0.2042825712975894,-0.0491120457488127
phq_06,0.08684731437968969,-0.10968771932735483,0.5363374789137986,-0.04106285754726393,0.27350940282100733,-0.05553524772881402,0.0074803832011585926,-0.007780598941246376,-0.007807831097537106
phq_07,0.022179313039628654,-0.16167611365351486,0.22468144677921448,-0.07022973412658758,0.32872078586396575,-0.07423989361014582,0.14738997441918336,-0.0049933996834040225,0.03301210571169354
phq_08,0.1300107483362878,-0.06536721330221393,0.18428650049436657,-0.14736939751489156,0.2156804308198847,0.17107070043791273,0.10687659608775148,0.014140607419356731,-0.1756124874901106
phq_09,0.21647024468388879,-0.038091145231841456,0.6739768905409382,0.15051726391803844,0.023838516703431865,0.02883826043198002,-0.03037119371698226,-0.057673278444835795,-0.059927694716346666
pmq_01,-0.01775508477996165,-0.09879065464284519,0.1406288724848273,-0.058280273811606914,0.2832896060522403,0.05909223270366089,0.22709184691361886,0.14716369604673982,-0.1237124081391178
pmq_02,-0.039081166649596974,-0.21433742102292844,0.27397903514735694,-0.11857298510466757,0.4040980824954226,-0.02738314888606046,-0.015364585595437167,0.03452433331176064,0.07014695461744648
pmq_03,0.16395507929783754,-0.004091051836544612,0.0761395719349268,-0.01697654036801551,0.3036785073985732,0.03568542552658422,0.21568574632800006,0.1070062687669376,-0.12106234170570357
pmq_04,0.0013768270006086544,-0.043361195793110346,0.07634124100372071,-0.2325331253871251,0.28710525740551057,0.09803306127226773,0.248405803504797,0.09859736351080658,-0.03523327939020023
pmq_05,0.18893952749295329,-0.09009844258102384,0.10390993997010708,-0.15579030198484828,0.41490471196857004,0.01257289452365992,0.1687481012117386,0.1268388561926942,-0.04737936492487086
pmq_06,0.014602669733354992,0.033565109185722856,0.22510866432638799,-0.2803072463805584,0.3839039966277303,-0.10548748771191405,0.11015601221945047,0.1348481434394783,0.042263773636164625
pmq_07,0.09353440340233268,-0.08794187089868029,0.19545088996309307,-0.2540612955055795,0.050109696656052145,0.02747898607164521,0.0940784217730022,0.019258741698593443,0.007532451583814301
pmq_08,-0.11181422791798111,-0.06977642267366303,0.1466042214633474,-0.24174206459109077,0.33302052377057195,-0.11483554975267393,0.08663461504246454,0.3162896028849194,0.08718321934859742
pmq_09,-0.05616288042801808,-0.16816262632370665,0.17810114214071346,-0.05405292184939761,0.41604031004656916,-0.06652992286827279,0.3004428212700963,0.00962033184961868,0.11817357358969462
gse_01,0.08101635835929469,0.07868996658592249,0.0006210751636061951,0.674424295796521,0.0921329275654762,0.06865389832420642,0.05475227666826985,0.15004992390140706,0.01775252003467679
gse_02,-0.029883585883388623,-0.05895514121697873,0.15419607221642978,0.30012839010979253,-0.011813871056497212,0.2437313302396488,-0.10778424406463306,0.30725231351699644,0.18539819691511086
gse_03,0.0538474966098161,0.062221723718544446,-0.14310211097787934,0.4607742622942623,-0.05540244694561816,0.25849033999586174,0.07862651009450586,0.0029236187147795635,-0.009269447781742785
gse_04,0.012008558154556153,0.08411072106056676,-0.012863582877118238,0.8084030833649871,-0.03229492787329533,-0.060934140974721385,0.07516931319990294,0.0666147832402194,0.060228632441774684
gse_05,0.056408366386564046,0.12957387826509972,0.033383691595658384,0.7668129929182819,-0.002504572439302682,-0.004901070311305066,-0.08459515020175835,-0.015489318976595605,0.08047944017670941
gse_06,0.053737257056929,0.12429177098094067,0.006883563485148088,0.637648538079221,-0.06637674274736442,0.11841710479211953,0.07841562857710203,0.009258055656761808,-0.03601212085274869
gse_07,0.027363227147182242,-0.04026014507156284,-0.1186193918697476,0.6925226420499145,-0.056309140088053815,0.12650408861637652,-0.0027982193113616316,0.005319719038421766,-0.04324180619558724
gse_08,0.015521618221235118,0.2299315492461341,0.10671422845400748,0.4491626512572236,-0.2075268841693907,0.18694955596367094,0.1410298255816152,0.08089097725757531,-0.06662749157467976
gse_09,0.012432726797532828,0.13384201730706988,0.09375771248645483,0.7014872227448704,-0.10696887904196407,0.06926471361386455,0.13621165371940364,0.05082700396245035,0.06928634417602177
gse_10,-0.016600183249153588,0.1300998371705643,-0.0005803858966089025,0.729920625009193,-0.039082878327975405,0.0787044438857257,0.003055968550313007,0.037283919457109786,0.01425371515314965
ie4_01,0.2598003649427187,-0.12450022562732246,-0.1804475145322258,0.24767911194058176,0.1429692311863423,-0.19394840710990563,0.005528849719041614,0.001386123512561929,-0.023712855614736655
ie4_02,0.10416320615376029,0.05411532707859265,-0.20687221826489238,0.21675852073321733,0.06115824682357696,0.35703627185405806,0.04949542090376391,0.13785078537607756,0.09672558008647131
ie4_03,-0.08971067953374436,-0.0751927166600263,0.22689629921329227,0.012656658016625586,0.06804353430893836,-0.06764877950266486,0.008791478876488597,0.04027649433504312,-0.01777307830659145
ie4_04,0.11635193007035033,-0.04336907128256769,0.13276822390206047,-0.02707595306559441,-0.021188406990854513,-0.03286359118909018,0.11376544685501519,0.00529400528913592,0.0092012737109952
wassup_01,0.5512535074999481,0.007863457202308332,-0.009545240283560779,-0.08979438326086098,-0.15036460139909266,0.13321998811276387,0.07567030827184816,0.09214685700047014,-0.03419866669329325
wassup_02,0.19080250974213295,0.19607767126495876,-0.15710369862146212,0.07770833501620433,0.12056499777441537,0.3553512990127877,0.11271962959731832,0.15059198254868958,-0.09956983938778759
wassup_03,0.3925210872914812,0.11616484304354183,-0.013999659618260102,-0.04665259345597777,-0.017544921701142625,0.2609293991885964,0.04956990078271074,0.09051885259997738,0.07366948256730159
wassup_04,0.7280333306352834,-0.03101467398846196,0.06524778653491814,0.01723083612337267,-0.058809285619529014,0.1088404049405545,0.003907112578206149,0.21000491450554337,-0.14197487075231063
wassup_05,0.24487931815098127,0.13850382353842602,-0.03338725877995981,-0.010576429552198997,-0.08548658788139721,0.28072929729055424,0.19670841096780134,0.14824443125613643,-0.02871872707703733
wassup_06,0.7241173419345751,-0.0011540192194933482,0.1593083262088319,-0.031756519427890414,-0.06718569131567902,0.021686080443351224,-0.07921696428759219,0.16684705085664242,0.039622850507073364
wassup_07,0.7729426445177274,-0.05678002132415503,-0.009305107516347597,-0.05116158380712743,-0.05067217733413021,-0.0019528601971338364,0.019309752548436417,0.13555540278409192,0.03900302269560173
wassup_08,0.5776211219116932,-0.03353434188385293,0.01958841094837298,0.047555644806849054,-0.08725315330368842,-0.05219563954396054,0.06231736280200167,0.17756210899638947,0.1556191125157183
wassup_09,0.6625944747812345,0.007027660661197367,-0.010770014114515399,-0.04176604994709955,-0.05830265412794778,-0.04435037410152634,-0.1377032794926663,0.22074120701191116,-0.03344055978198818
wassup_10,0.4642777180525024,-0.04274746138326602,-0.024102185813992164,0.04811251895356747,-0.04892224568330151,0.029842923767054358,0.13180710649823107,0.09368560537466043,-0.18233812487571976
wassup_11,0.5897484001252168,0.059186920158714074,0.02396837883980564,0.07970395562033972,0.1298507741123936,-0.03178813786023232,-0.04090889996176908,-0.1401334627279853,0.07094309997255464
wassup_12,0.5629415859509583,-0.0003879908012006957,-0.16877824434822614,-0.030316495195624946,-0.06372124020993268,0.13561356854475257,0.23516661369721706,-0.13983144029615152,-0.09205394966774443
wassup_13,0.7560310838333189,0.00010659637869480154,0.14147578393255913,0.17808821446319806,0.12291160244812191,-0.11634371971193652,-0.01080166678938825,-0.0918991688926669,0.010858590093109884
wassup_14,0.31950468338678006,0.06617203197307656,-0.05810634792369991,-0.04638816813621863,0.016355641158508172,0.2882630625116167,0.004758330844565019,-0.08812416463270173,0.11843981384183172
wassup_15,0.2577160236128229,0.2691005764954597,-0.25366868821439265,0.04450234505103116,0.18783646667881265,0.30866919200348175,0.0977665063652824,-0.037198283882650986,0.04697769392658597
wassup_16,0.13213251989596705,0.2016345746334982,-0.015820624280493332,-0.12223407590541945,-0.03138627235875487,0.30171840961949437,0.13259344799425793,0.055238018614844904,0.029449527267124156
wassup_17,0.3693364603700544,0.07821320503883852,0.011561171581542452,-0.23964496297364796,-0.22557533711520886,0.15788819671152546,0.14578629986280248,0.10130361778711905,0.0063089108105715
wassup_18,0.4962002520469594,-0.08470358460322594,-0.2652301073554127,0.16184704663820185,0.14213467787128342,0.11349033374353835,0.20974815069599695,-0.0248096195253334,0.13692966694092656
wassup_19,0.38857164768593133,0.061316003570673475,-0.004862976598627251,-0.14077125759636183,-0.21263300804510288,0.12233515650031512,0.12182796014416909,0.03325498155661015,0.03500138903315183
wassup_20,0.8031653993077625,0.02750393498808496,0.20684543014114418,-0.0066151398060017175,-0.10128048189237987,-0.06907714701895784,-0.11766644441609589,0.0633463357010432,0.12385224085770632
wassup_21,0.4634268406636489,-0.07470136090334463,-0.23365088470368867,0.15652492497017342,0.21355648247980996,0.03263886893246297,0.24859248228125902,-0.0030111396457515234,0.17959019520728323
wassup_22,0.15372801446202577,-0.027172857892978648,-0.038027003811603836,0.042315084132034525,0.003777874886343434,-0.18677083782651493,0.12416519388663493,-0.06021120764646781,0.09786507631325672
wassup_23,0.3248792826540078,0.07201171684129472,-0.26327388053134365,0.05272769743111867,0.34258464847138215,0.30230039874929265,0.009481675022936403,0.1693971569996207,0.01850003760298565
wassup_24,0.43989722822379257,0.06709928783174486,-0.05390716103662522,0.1780666752243072,0.1838261162662236,0.14768549756809912,0.12989975962925154,0.03366790303745036,-0.044852543092563396
wassup_25,0.4764210856240916,0.06505559354249774,0.009957251163660235,0.1718426394137073,0.15016399467418273,0.1213576344989592,-0.06070720547886508,-0.04101059974969038,0.10979202865375266
wassup_26,0.5925647229853664,-0.10204129860251249,-0.18066489879440362,-0.024859797163955488,0.009374654417309357,0.03685863976243939,0.15715533663889034,-0.26706888632981146,0.06495279251047573
wassup_27,0.612349688818036,0.12051324668274464,-0.039778906265859074,0.1520087075730957,0.06015837785061686,-0.19764691591858838,-0.0371486789860853,-0.07266650103490847,0.06692402014506964
wassup_28,0.36236517158491455,0.14026161772291942,-0.15824034865356387,0.02443502299432534,0.13186685891309174,0.26122386266275344,0.25782587073666835,0.06799154266613525,-0.03963651025367762
wassup_29,0.39015983415035005,0.09340121979384296,-0.1274944309507366,-0.09668723981017487,0.2265417984591205,0.20731151065425557,0.12441845561227172,-0.003008044763100952,0.09838403001683337
wassup_30,0.41631406564293916,0.10005048261165127,-0.09085411916098776,-0.05436388766289535,0.16837700073612538,0.18343824810575562,0.2698738095647764,0.03760561052446913,0.014618282582050576
