rank,factor,n,r,ci_low,ci_high,p,q,label,purity,k
1,F9,163,0.2158838903214548,0.06429714965916039,0.35773274261363003,0.005644925068781386,0.05080432561903248,POG,0.8211106722000644,9
2,F3,163,0.173835400563107,0.020667178636910765,0.319030732731658,0.026471343543122274,0.11912104594405024,Depression,0.48767282124393374,9
3,F1,163,0.15239129861108464,-0.001361077106189836,0.29910505526686065,0.05213872356112925,0.15641617068338776,WASSUP,0.9121225892778587,9
4,F7,163,0.0856626174365558,-0.06896602564292073,0.23627185764811026,0.2769262503807564,0.6054290979299776,Hypomania,0.6456175630691249,9
5,F6,163,0.07577774729122042,-0.0788613682369378,0.22685568937524614,0.33634949884998755,0.6054290979299776,BIS/BAS,0.6245863880845908,9
6,F4,163,0.06200373450058085,-0.09259934407318575,0.2136875180894637,0.43170613321318085,0.6475591998197713,GSE,0.6432287401339776,9
7,F5,163,-0.04337568742388721,-0.19579069909599614,0.11108549244860921,0.582469802086049,0.7488897455392058,GAD-7,0.37681373184720585,9
8,F2,163,0.018021333755071138,-0.1360761224701529,0.1712673721916817,0.8193905990307071,0.8404849122808191,SHAPS,0.7641892074699914,9
9,F8,163,0.015886202161511077,-0.1381717095428334,0.16919351728390905,0.8404849122808191,0.8404849122808191,NGS,0.6351485178966796,9
