x,y,n,r,ci_low,ci_high,p
mu,sigma,163,-0.0356494601162827,-0.1883378503826002,0.11872163224579503,0.6514254874613864
mu,gamma,163,-0.10008633392234086,-0.24996109397178423,0.05447223037819976,0.20366561033334343
mu,lambda,163,-0.10498104163951971,-0.2545929786058528,0.04953889562607591,0.18230818897087048
mu,auc,163,0.8809307280291925,0.8411110609347183,0.9112520988572884,3.475614621184434e-54
mu,beta_d,163,0.027074503290109027,-0.12717527984490262,0.18004566175874345,0.7315481881842979
mu,beta_a,163,0.34593909461170574,0.20301449306135053,0.474430362676304,6.093643042682147e-06
sigma,gamma,163,-0.06691689729315675,-0.21839091112734704,0.08770577964466525,0.39604008089312
sigma,lambda,163,-0.022996746825676113,-0.17609473098945472,0.13118750191815948,0.7707593242705552
sigma,auc,163,-0.0756072720654466,-0.22669304929030906,0.07903175718462149,0.33744083100073596
sigma,beta_d,163,0.16738939649606263,0.014029911087566932,0.31305462312067245,0.03270141095311955
sigma,beta_a,163,0.020461194320506183,-0.13367976086006614,0.17363554916619733,0.7954440710691991
gamma,lambda,163,-0.2913220398237961,-0.4259668143167061,-0.1440525328506796,0.00016136330429880884
gamma,auc,163,0.2646462386425018,0.11562974427348888,0.4020122488609252,0.0006405199437559716
gamma,beta_d,163,0.4038598584622553,0.26669628168703674,0.5249882717641097,8.994646759969146e-08
gamma,beta_a,163,-0.18484300487649052,-0.329209291765653,-0.03203269534919955,0.018169388277002815
lambda,auc,163,0.07140035742276968,-0.08323368191737313,0.222676815515199,0.36508409928047414
lambda,beta_d,163,-0.2617642239344673,-0.39941292834016767,-0.11257352497337694,0.0007373198344355307
lambda,beta_a,163,-0.19968368727784647,-0.3428793349520938,-0.04741873631191112,0.010601656995644335
auc,beta_d,163,0.14015061620570507,-0.013868662131565962,0.2876734644490501,0.0743635120707936
auc,beta_a,163,0.20294916098388788,0.050813934313833166,0.34587910818206075,0.009370361586104029
beta_d,beta_a,163,-0.16220817477716024,-0.30824272032184113,-0.008704733287035785,0.038572523264234604
