quantity,n,mean,sd,median,min,max,skewness
mu,163.0,48.1620955610238,9.484244387762624,47.55977863625972,20.29471686760297,79.44783611314608,0.07047552100735686
sigma,163.0,5.068729227687443,4.146315407590352,4.595245829253654,0.105612423989928,30.59599593078949,2.432965286130372
gamma,163.0,0.04692395786973845,0.08897163569434173,0.0059572664364062,9.225628127730173e-33,0.6043668896817076,3.076451706674681
lambda,163.0,0.9710725390883196,0.052504727680914375,0.9999605714858848,0.6961532911829457,1.0,-2.697760673663825
auc,163.0,0.5417514229124105,0.09961739432977414,0.5360251895572867,0.19557401738765756,0.815979270725202,-0.23912780365418615
log_steepness,163.0,-2.665269072571099,1.1622517347754817,-2.991238360593008,-4.90435362724126,0.8616397397451939,1.2647473699773948
steepness_raw,163.0,,,,,,3.3281657886253457
n_sigma_below_1,24.0,,,,,,
test_trials_per_participant,,,,,90.0,90.0,
group_curve_mu,,48.00475484129999,,,,,
group_curve_sigma,,8.197130249025449,,,,,
group_curve_gamma,,0.03784800470379668,,,,,
group_curve_lambda,,0.9809553194659997,,,,,
