score,mean,std,median,min,max
pog_total,43.104294478527606,12.416443446630133,42.0,16.0,76.0
7up7down_composite,7.576687116564417,6.004006589761101,7.0,0.0,26.0
pog_upward,10.52760736196319,4.857618279677458,10.0,5.0,25.0
pog_social,9.828220858895705,4.496356676057589,9.0,5.0,23.0
pog_lateral,22.74846625766871,5.147627474941054,24.0,6.0,30.0
7up,3.4355828220858897,3.518972931347292,2.0,0.0,15.0
7down,4.141104294478527,4.384142722925594,3.0,0.0,21.0
pmq9,3.2515337423312882,3.737272323933211,2.0,0.0,17.0
phq9,4.552147239263804,4.796028931214966,3.0,0.0,20.0
bas_drive,11.429447852760736,2.895226648739701,12.0,4.0,16.0
bas_reward,13.920245398773005,1.984450650394752,15.0,4.0,16.0
bis,11.83435582822086,2.8246354592306213,12.0,4.0,16.0
wassup,61.80368098159509,20.99172644065579,56.0,30.0,124.0
ngs,20.87116564417178,9.271719405355832,20.0,7.0,49.0
gse,31.66871165644172,4.949192744655655,31.0,15.0,40.0
gad7,4.355828220858895,4.563246869828668,3.0,0.0,21.0
pswq,7.466257668711656,3.619702955872561,7.0,3.0,15.0
shaps,34.09815950920245,6.509456297037544,35.0,3.0,42.0
ie4,11.049079754601227,2.241041647636082,11.0,5.0,18.0
