parameter,scheme,participant_mean_r,mean_bias,failure_rate,replicate_r_median,replicate_r_q025,replicate_r_q975,interval_coverage
mu,psychometric,0.9887773279434385,-0.0008175791811505646,0.0,,,,
sigma,psychometric,0.9206939595102733,-1.1051553202215894,0.0,,,,
gamma,psychometric,0.9681256698585352,0.0070262818090331015,0.0,,,,
lambda,psychometric,0.9183799344346503,-0.006749380450828952,0.0,,,,
auc,psychometric,0.9982469553268132,-0.0001441056519764124,0.0,,,,
beta_d,two_stage,0.9986495250953986,2.6184352885424405e-05,0.004785276073619632,0.8178201897825136,0.7678879618189559,0.8570152632189768,0.948680803846628
beta_a,two_stage,0.9961954395802486,-0.0001328932371471266,0.004785276073619632,0.7991640537546718,0.7065440599122192,0.8422532523559267,0.8957588460115892
beta_d,fixed_mu,0.9988738433536745,-0.00010098541661029163,0.0,0.8210251740762948,0.7756088025817626,0.867701475451964,0.9498466257668712
beta_a,fixed_mu,0.9991663296264769,7.485984658394854e-05,0.0,0.8399229907414321,0.7867991755112951,0.8795405274337791,0.9518711656441717
