quantity,value,df,p
n_participants_included,163.0,,
n_trials_total,14670.0,,
prop_trials_outside_window,0.006748466257668673,,
skewness_raw_rt_retained,3.5695687405611873,,
skewness_log_rt_retained,1.0396530499827816,,
beta_d_mean,-0.08852724817754569,,
beta_d_sd,0.05287966967508824,,
beta_d_t_vs_0,-21.373814369824277,162.0,5.180317228177545e-49
beta_a_mean,-0.006075705044618207,,
beta_a_sd,0.028364855475676607,,
beta_a_t_vs_0,-2.7347013765875836,162.0,0.0069391211114010086
beta_d_plus_mean,-0.09460295322216389,,
beta_d_plus_sd,0.05580523775994721,,
beta_d_plus_t_vs_0,-21.643302696505625,162.0,1.1483763217953224e-49
beta_d_minus_mean,-0.08245154313292746,,
beta_d_minus_sd,0.06393296818356471,,
beta_d_minus_t_vs_0,-16.465227005173396,162.0,2.011151877072214e-36
beta_0_mean,0.04855385046846795,,
beta_0_sd,0.331783272814806,,
beta_0_t_vs_0,1.8683704583300924,162.0,0.06351620629971416
median_rt_at_d0,0.667,,
median_rt_at_d10,0.64595,,
median_rt_at_d20,0.6808000000000001,,
median_rt_at_d30,0.7334,,
median_rt_at_d40,0.9626,,
median_rt_at_d50,1.0168,,
median_rt_at_d60,0.8334,,
median_rt_at_d70,0.7619,,
median_rt_at_d80,0.7155,,
median_rt_at_d90,0.7304000005,,
