measure,measure_label,score,score_label,primary_test,n,r,ci_low,ci_high,p,q,correction_family
mu,Generalization breadth (mu),pog_total,POG total,True,163,0.2084789917560274,0.056571474101282465,0.3509523406230446,0.007571404341478801,,"primary test, unadjusted"
mu,Generalization breadth (mu),7up7down_composite,7Up/7Down composite,True,163,0.15385326756968926,0.00013599226054790523,0.30046758070293544,0.04989756892512686,,"primary test, unadjusted"
mu,Generalization breadth (mu),pog_upward,POG upward,False,163,0.22813615322172084,0.07712020568335723,0.3689189517032949,0.0034010108484755094,0.05781718442408366,BH-FDR across 17 scores
mu,Generalization breadth (mu),pog_social,POG social,False,163,0.18952506809970723,0.03687900527820866,0.333528575958647,0.015389740735812816,0.13081279625440895,BH-FDR across 17 scores
mu,Generalization breadth (mu),pog_lateral,POG lateral,False,163,0.12203621195041157,-0.03229002323904511,0.2706789115595075,0.12069342442404593,0.34196470253479677,BH-FDR across 17 scores
mu,Generalization breadth (mu),7up,7-Up,False,163,0.06281775345528774,-0.09178908806686895,0.21446726846441794,0.42567267987813195,0.7570816199946383,BH-FDR across 17 scores
mu,Generalization breadth (mu),7down,7-Down,False,163,0.16027809830483306,0.0067232544562990226,0.30644830787661126,0.040975493585847636,0.2321944636531366,BH-FDR across 17 scores
mu,Generalization breadth (mu),pmq9,PMQ-9,False,163,0.024411710676277208,-0.12979585023737453,0.17746624594220226,0.7570816199946383,0.7570816199946383,BH-FDR across 17 scores
mu,Generalization breadth (mu),phq9,PHQ-9,False,163,0.02799101811125856,-0.12627279919376133,0.18093299246673147,0.7228258439290763,0.7570816199946383,BH-FDR across 17 scores
mu,Generalization breadth (mu),bas_drive,BAS Drive,False,163,0.12408667623868065,-0.030210062153080825,0.2726072753997956,0.1145320659137165,0.34196470253479677,BH-FDR across 17 scores
mu,Generalization breadth (mu),bas_reward,BAS Reward,False,163,0.035531994801950365,-0.11883758716958377,0.18822440548756533,0.6524990464760344,0.7570816199946383,BH-FDR across 17 scores
mu,Generalization breadth (mu),bis,BIS,False,163,0.11052015413787314,-0.043946961710488903,0.25982639981857913,0.16017771294068434,0.38900301714166197,BH-FDR across 17 scores
mu,Generalization breadth (mu),wassup,WASSUP,False,163,0.1239921821236517,-0.030305944986510278,0.27251843441288537,0.11481051043310499,0.34196470253479677,BH-FDR across 17 scores
mu,Generalization breadth (mu),ngs,NGS,False,163,0.05131055860705946,-0.1032241115317281,0.20342652665391964,0.5153844612037777,0.7570816199946383,BH-FDR across 17 scores
mu,Generalization breadth (mu),gse,GSE,False,163,0.07094182051782194,-0.08369134285924304,0.22223875150441194,0.368179528785666,0.7570816199946383,BH-FDR across 17 scores
mu,Generalization breadth (mu),gad7,GAD-7,False,163,0.02600299169203432,-0.12823006014435617,0.1790079539917685,0.741789294489045,0.7570816199946383,BH-FDR across 17 scores
mu,Generalization breadth (mu),pswq,PSWQ,False,163,0.030293634162508527,-0.12400431480050574,0.18316118944632226,0.7010711965332375,0.7570816199946383,BH-FDR across 17 scores
mu,Generalization breadth (mu),shaps,SHAPS,False,163,0.03270188568219322,-0.12163003399069355,0.1854899286763563,0.6785757087179981,0.7570816199946383,BH-FDR across 17 scores
mu,Generalization breadth (mu),ie4,IE-4,False,163,-0.04116078566000306,-0.1936559663258265,0.11327643494643773,0.6018913011555459,0.7570816199946383,BH-FDR across 17 scores
beta_d,Log-RT distance slope (beta_D),pog_total,POG total,False,163,0.21701612500734857,0.0654800359959854,0.3587681729722981,0.005392612614909657,0.08436925123095966,BH-FDR across 19 scores
beta_d,Log-RT distance slope (beta_D),7up7down_composite,7Up/7Down composite,False,163,0.12856302928070387,-0.025664667269021908,0.27681293002188084,0.10193473291313206,0.24209499066868864,BH-FDR across 19 scores
beta_d,Log-RT distance slope (beta_D),pog_upward,POG upward,False,163,0.16950137182276379,0.016203064607214265,0.31501391311245097,0.03053569800935068,0.0966963770296105,BH-FDR across 19 scores
beta_d,Log-RT distance slope (beta_D),pog_social,POG social,False,163,0.20312931358440225,0.05100134607000283,0.34604451737690123,0.00930627015984683,0.08436925123095966,BH-FDR across 19 scores
beta_d,Log-RT distance slope (beta_D),pog_lateral,POG lateral,False,163,0.18607671988475483,0.0333089922174832,0.3303480016914908,0.017397664045383333,0.08436925123095966,BH-FDR across 19 scores
beta_d,Log-RT distance slope (beta_D),7up,7-Up,False,163,0.17905071450144736,0.026047138201818996,0.32385743063962036,0.022202434534463068,0.08436925123095966,BH-FDR across 19 scores
beta_d,Log-RT distance slope (beta_D),7down,7-Down,False,163,0.03234809318373939,-0.1219789466112902,0.18514792471361635,0.6818633391744515,0.806665899004358,BH-FDR across 19 scores
beta_d,Log-RT distance slope (beta_D),pmq9,PMQ-9,False,163,0.05170029707233492,-0.1028374846276077,0.20380110078696517,0.5121948483879544,0.806665899004358,BH-FDR across 19 scores
beta_d,Log-RT distance slope (beta_D),phq9,PHQ-9,False,163,-0.01692730632834523,-0.17020491215778,0.13715005983636047,0.8301840233262645,0.8763053579555015,BH-FDR across 19 scores
beta_d,Log-RT distance slope (beta_D),bas_drive,BAS Drive,False,163,0.1849832891262006,0.03217779642385392,0.32933879426353263,0.018080165626686302,0.08436925123095966,BH-FDR across 19 scores
beta_d,Log-RT distance slope (beta_D),bas_reward,BAS Reward,False,163,0.09042505348342887,-0.06418765833746982,0.24079840303366618,0.2509939532765101,0.4768885112253692,BH-FDR across 19 scores
beta_d,Log-RT distance slope (beta_D),bis,BIS,False,163,0.02810393167507273,-0.12616159695277052,0.18104229335707658,0.7217536991091624,0.806665899004358,BH-FDR across 19 scores
beta_d,Log-RT distance slope (beta_D),wassup,WASSUP,False,163,0.14774698164885744,-0.006112331609684905,0.2947726733123295,0.05981793628499476,0.16236296991641436,BH-FDR across 19 scores
beta_d,Log-RT distance slope (beta_D),ngs,NGS,False,163,0.040834599514744614,-0.11359896580514338,0.19334146454391885,0.6047757492485549,0.806665899004358,BH-FDR across 19 scores
beta_d,Log-RT distance slope (beta_D),gse,GSE,False,163,0.04237101489524104,-0.11207948322551148,0.19482256994818758,0.5912434228876993,0.806665899004358,BH-FDR across 19 scores
beta_d,Log-RT distance slope (beta_D),gad7,GAD-7,False,163,-0.001214638733774562,-0.15490620702300353,0.15253433327389299,0.987722532855991,0.987722532855991,BH-FDR across 19 scores
beta_d,Log-RT distance slope (beta_D),pswq,PSWQ,False,163,0.029026953738122304,-0.12525241884445518,0.18193564164522774,0.7130098217177278,0.806665899004358,BH-FDR across 19 scores
beta_d,Log-RT distance slope (beta_D),shaps,SHAPS,False,163,0.04641655670924716,-0.10807506950416094,0.1987191521812796,0.5562883108197764,0.806665899004358,BH-FDR across 19 scores
beta_d,Log-RT distance slope (beta_D),ie4,IE-4,False,163,0.09293778767562298,-0.06166365820649414,0.24318404441111302,0.23801040121482742,0.4768885112253692,BH-FDR across 19 scores
beta_a,Log-RT asymmetry (beta_A),pog_total,POG total,False,163,0.1919798124805063,0.03942273432517443,0.3357907068925289,0.014086416636724693,0.16202433980132674,BH-FDR across 19 scores
beta_a,Log-RT asymmetry (beta_A),7up7down_composite,7Up/7Down composite,False,163,-0.008995967407112976,-0.1624917549029945,0.14492493572680482,0.9092605996333857,0.9590900040691314,BH-FDR across 19 scores
beta_a,Log-RT asymmetry (beta_A),pog_upward,POG upward,False,163,0.14032840634359936,-0.013687339653095806,0.28783980429938927,0.0739930146291422,0.3514668194884255,BH-FDR across 19 scores
beta_a,Log-RT asymmetry (beta_A),pog_social,POG social,False,163,0.17485814293857344,0.021721509897905,0.31997786012242657,0.025582790494946328,0.16202433980132674,BH-FDR across 19 scores
beta_a,Log-RT asymmetry (beta_A),pog_lateral,POG lateral,False,163,0.17791110153941173,0.024870790820746547,0.32280337845868085,0.023080847915154842,0.16202433980132674,BH-FDR across 19 scores
beta_a,Log-RT asymmetry (beta_A),7up,7-Up,False,163,0.00805504137076151,-0.1458460404113342,0.16157546618269,0.9187169158073317,0.9590900040691314,BH-FDR across 19 scores
beta_a,Log-RT asymmetry (beta_A),7down,7-Down,False,163,-0.018785273505698454,-0.1720090577162123,0.13532599644819537,0.8118736654749922,0.9590900040691314,BH-FDR across 19 scores
beta_a,Log-RT asymmetry (beta_A),pmq9,PMQ-9,False,163,0.050586516973445204,-0.10394224868485306,0.2027305385318908,0.5213370064547667,0.9590900040691314,BH-FDR across 19 scores
beta_a,Log-RT asymmetry (beta_A),phq9,PHQ-9,False,163,0.007916601977138041,-0.1459815409560754,0.16144062936083467,0.9201092270572233,0.9590900040691314,BH-FDR across 19 scores
beta_a,Log-RT asymmetry (beta_A),bas_drive,BAS Drive,False,163,0.024475901956641143,-0.1297327021280748,0.1775284520245614,0.7564628646315498,0.9590900040691314,BH-FDR across 19 scores
beta_a,Log-RT asymmetry (beta_A),bas_reward,BAS Reward,False,163,-0.012096498408692034,-0.16550922894081802,0.1418878307100958,0.8781973285032383,0.9590900040691314,BH-FDR across 19 scores
beta_a,Log-RT asymmetry (beta_A),bis,BIS,False,163,-0.0078023443005153905,-0.16132934066391497,0.14609336877403112,0.9212585211570433,0.9590900040691314,BH-FDR across 19 scores
beta_a,Log-RT asymmetry (beta_A),wassup,WASSUP,False,163,0.04941200002714716,-0.10510684498715872,0.20160120207121596,0.5310670317764254,0.9590900040691314,BH-FDR across 19 scores
beta_a,Log-RT asymmetry (beta_A),ngs,NGS,False,163,0.09967368186211584,-0.054887794321141124,0.24957028563434833,0.20554534844304787,0.781072324083582,BH-FDR across 19 scores
beta_a,Log-RT asymmetry (beta_A),gse,GSE,False,163,0.03211791862457227,-0.1222059258827487,0.1849253998055076,0.6840054670247904,0.9590900040691314,BH-FDR across 19 scores
beta_a,Log-RT asymmetry (beta_A),gad7,GAD-7,False,163,-0.004048922309458532,-0.15767127891892477,0.14976478322072728,0.9590900040691314,0.9590900040691314,BH-FDR across 19 scores
beta_a,Log-RT asymmetry (beta_A),pswq,PSWQ,False,163,-0.01627061798165457,-0.1695670008910195,0.13779451523569716,0.8366781766311623,0.9590900040691314,BH-FDR across 19 scores
beta_a,Log-RT asymmetry (beta_A),shaps,SHAPS,False,163,0.005717935415872719,-0.148132759504178,0.1592984094542121,0.9422513643698668,0.9590900040691314,BH-FDR across 19 scores
beta_a,Log-RT asymmetry (beta_A),ie4,IE-4,False,163,-0.02088828431878414,-0.1740499090673144,0.13326009975631511,0.791271187635186,0.9590900040691314,BH-FDR across 19 scores
beta_d_plus,Rewarded-direction slope (beta_D_plus),pog_total,POG total,False,163,0.30321921953996367,0.1568076924876157,0.43658981976385547,8.337441397565698e-05,0.0015841138655374827,BH-FDR across 19 scores
beta_d_plus,Rewarded-direction slope (beta_D_plus),7up7down_composite,7Up/7Down composite,False,163,0.1172506644192076,-0.037139218106319996,0.2661736867792272,0.13607122502195704,0.32316915942714797,BH-FDR across 19 scores
beta_d_plus,Rewarded-direction slope (beta_D_plus),pog_upward,POG upward,False,163,0.23194187563913915,0.08111341969993524,0.37238526150106127,0.0028901856259727753,0.013728381723370684,BH-FDR across 19 scores
beta_d_plus,Rewarded-direction slope (beta_D_plus),pog_social,POG social,False,163,0.28135776473902246,0.13340719489188924,0.41704104195755415,0.0002744766720082324,0.0026075283840782076,BH-FDR across 19 scores
beta_d_plus,Rewarded-direction slope (beta_D_plus),pog_lateral,POG lateral,False,163,0.26675091374841714,0.11786342137812629,0.4039090805265878,0.0005773829179251375,0.0036567584801925376,BH-FDR across 19 scores
beta_d_plus,Rewarded-direction slope (beta_D_plus),7up,7-Up,False,163,0.17375829064591525,0.020587700876247252,0.3189593120661428,0.026539394148383293,0.08404141480321377,BH-FDR across 19 scores
beta_d_plus,Rewarded-direction slope (beta_D_plus),7down,7-Down,False,163,0.02110402108097816,-0.13304809454984706,0.17425919483607652,0.7891655737272141,0.902449723227335,BH-FDR across 19 scores
beta_d_plus,Rewarded-direction slope (beta_D_plus),pmq9,PMQ-9,False,163,0.0747021971699342,-0.07993622271722108,0.22582943102359726,0.34327255307084914,0.5435148756955112,BH-FDR across 19 scores
beta_d_plus,Rewarded-direction slope (beta_D_plus),phq9,PHQ-9,False,163,-0.01201602435736276,-0.16543094691862234,0.1419666952078299,0.8790014387264462,0.9278348519890266,BH-FDR across 19 scores
beta_d_plus,Rewarded-direction slope (beta_D_plus),bas_drive,BAS Drive,False,163,0.1877262971462642,0.03501628372519569,0.33186989353650975,0.01641039087111358,0.06235948531023161,BH-FDR across 19 scores
beta_d_plus,Rewarded-direction slope (beta_D_plus),bas_reward,BAS Reward,False,163,0.07953611000681449,-0.07510261087270767,0.23043917619071075,0.31286236137048373,0.5435148756955112,BH-FDR across 19 scores
beta_d_plus,Rewarded-direction slope (beta_D_plus),bis,BIS,False,163,0.02266479466558771,-0.1315138970369312,0.1757728858870471,0.7739785576445661,0.902449723227335,BH-FDR across 19 scores
beta_d_plus,Rewarded-direction slope (beta_D_plus),wassup,WASSUP,False,163,0.16511668428425616,0.011692981839241232,0.3109448307998032,0.03517613425073548,0.09547807868056774,BH-FDR across 19 scores
beta_d_plus,Rewarded-direction slope (beta_D_plus),ngs,NGS,False,163,0.08935630264406218,-0.06526060169380692,0.23978315799907535,0.2566620576214218,0.5418421216452238,BH-FDR across 19 scores
beta_d_plus,Rewarded-direction slope (beta_D_plus),gse,GSE,False,163,0.05647472384189158,-0.09809738273597969,0.20838614810556072,0.47396427903055627,0.6927170231985053,BH-FDR across 19 scores
beta_d_plus,Rewarded-direction slope (beta_D_plus),gad7,GAD-7,False,163,-0.003208960275860069,-0.15685207939974233,0.1505858127187163,0.9675716780564918,0.9675716780564918,BH-FDR across 19 scores
beta_d_plus,Rewarded-direction slope (beta_D_plus),pswq,PSWQ,False,163,0.019235147826335727,-0.1348841741874084,0.17244574555288666,0.8074550155191944,0.902449723227335,BH-FDR across 19 scores
beta_d_plus,Rewarded-direction slope (beta_D_plus),shaps,SHAPS,False,163,0.0468895161630961,-0.1076065907542185,0.19917438279795766,0.5522678735731273,0.7495063998492443,BH-FDR across 19 scores
beta_d_plus,Rewarded-direction slope (beta_D_plus),ie4,IE-4,False,163,0.07744839947416719,-0.07719108329556891,0.22844911162148765,0.3257737274787809,0.5435148756955112,BH-FDR across 19 scores
